SKU_Code,Product_Name,Brand,Category,Train_Days,Test_Days,Actual_Total,Forecast_Total,MAE,MAPE,Accuracy
548919,LAKME EYECONIC KAJAL DEEPBLCK TWIN 0.35G,Lakme,MAKEUP,232,30,616.0,645.7062874914072,6.881944117669401,43.51763117602622,56.48236882397378
570961,SIMPLE KIND TO SKN REFRESH FAC WSH 150ML,Simple,SKIN,232,30,348.0,380.79898090175595,3.3937335529552186,41.879969086403484,58.120030913596516
506280,LAK NE REMOVER,Lakme,MAKEUP,232,30,353.0,328.57129756898405,2.832148515973416,35.760411664125705,64.23958833587429
570969,SIMPLE SKIN HYDRATING LIGHT MOISZ 125ML,Simple,SKIN,232,30,213.0,234.01074894394156,2.5754130018775845,71.8356849450302,28.164315054969805
552236,LAKME ABS UNDERCOVER GEL PRIMER30ML,Lakme,MAKEUP,229,30,227.0,208.36588903082455,2.1221006251095114,43.77681745282969,56.22318254717031
532008,LAK EYECONIC KAJAL 0.35GM,Lakme,MAKEUP,230,30,237.0,168.61100227603734,3.193490070320205,40.92311713986026,59.07688286013974
541958,LAK ABS BLUR PERFECT PRIMER,Lakme,MAKEUP,230,30,209.0,154.89348937984417,2.2152713256421053,28.369512528368357,71.63048747163164
570927,LBP ARGAN OIL & LAVENDER COND 200ML,LBP,HAIR CARE,232,29,189.0,187.43790651788947,2.8038539015927837,1742.2206518568498,0.0
571131,LBP ARGAN OIL SHAMPOO 400ML,LBP,HAIR CARE,229,30,154.0,144.88587680235264,2.1091905988434068,65.1215206504443,34.878479349555704
570973,SIMPLE VIT C FACE WASH 150ML,Simple,SKIN,229,30,170.0,155.48784994434504,2.401775748818008,50.85395499518819,49.14604500481181
570975,SIMPLE VITC HYD GEL40G,Simple,SKIN,228,30,168.0,132.96001102861757,2.319097154225823,47.48351727727108,52.51648272272892
568976,VASELINE LIP TINS ROSY LIP 17G,Vaseline,SKIN,197,30,214.0,259.24012315468053,3.1317700286914882,64.89457075510006,35.10542924489994
530299,LAK ABS DRY COMP 05 BEIGE HONEY,Lakme,MAKEUP,227,30,167.0,169.82093120644413,2.5282647638942164,75.4824536802569,24.517546319743104
571138,LBP ONION 400 ML SH,LBP,HAIR CARE,229,30,118.0,158.69244214587536,1.7975893819223856,68.39503377261784,31.604966227382164
570971,SIMPLE SKIN PROTG LGT MOISZ SPF15 125ML,Simple,SKIN,228,29,98.0,77.0891116104654,1.628807258430964,818.72134221615,0.0
506150,LAK ROSE POWDER SOFT PINK,Lakme,MAKEUP,225,29,156.0,137.75684897160284,1.8160113630089703,1280.38482107164,0.0
506173,LAK EYBROW PENCIL,Lakme,MAKEUP,223,27,135.0,117.22457096897706,2.6721247693226458,3101.7720957177276,0.0
530302,LAK ABS SHINE BLACK EL,Lakme,MAKEUP,224,29,117.0,118.62683473430285,1.8211941419096669,1082.6238243158034,0.0
557438,LAKME 9TO5 EYECONIC EYELINER 4.5ML,Lakme,MAKEUP,229,30,140.0,144.7088711549422,1.3072650442847427,45.11283085578679,54.88716914421321
571225,LAKME TRUEWEAR COLOR CRUSH 103,Lakme,MAKEUP,224,29,140.0,126.10523461187168,2.0097949749362125,1160.9877911302597,0.0
570928,LBP ARGAN OIL & LAVENDER HAIR MASK 200ML,LBP,HAIR CARE,230,30,123.0,174.5717067282513,2.2376202060372896,104.82094722438362,0.0
570966,SIMPLE SERUM NIACINAMIDE 30 ML,Simple,SKIN,225,30,118.0,129.11006667256623,1.8499894221971673,79.50824018774664,20.491759812253363
570942,LBP ONION SHAMPOO 200ML,LBP,HAIR CARE,227,28,119.0,107.74416783268887,1.589094512793323,1976.393307224561,0.0
526584,LAK PF RADIANCE DAY CRM 50GM,Lakme,SKIN,223,28,116.0,136.85211781013723,1.8921095773029606,2837.6404622015502,0.0
571223,LAKME TRUEWEAR COLOR CRUSH 10,Lakme,MAKEUP,223,29,132.0,123.01064754939516,1.9528317487784919,1559.912011884676,0.0
571424,LAKME SOLUTION MASK BRIGHTENING 25ML,Lakme,SKIN,213,29,148.0,158.28009424315675,2.131750728630122,1249.789373534228,0.0
570978,SIMPLE WATER BOOST SLEEPING CREAM 40G,Simple,SKIN,228,28,77.0,108.79702988274411,1.9810338821981655,2266.5260151749544,0.0
530297,LAK ABS DRY COMP 01 IVRY FR,Lakme,MAKEUP,223,29,126.0,143.8997564150871,1.7707079198836122,2221.8029665418326,0.0
570929,LBP ARGAN OIL & LAVENDER SHP 200ML,LBP,HAIR CARE,226,29,123.0,129.11811491438638,1.5373258550289068,1351.6905493981953,0.0
570972,SIMPLE VIT C CLAY MASK 50G,Simple,SKIN,225,29,137.0,134.1896487042599,1.6013153296741993,1327.2589123413366,0.0
571227,LAKME TRUEWEAR COLOR CRUSH 11,Lakme,MAKEUP,220,30,160.0,108.38977030766159,2.0756493104130365,36.8731037156284,63.1268962843716
571235,LAKME TRUEWEAR COLOR CRUSH 202,Lakme,MAKEUP,222,29,140.0,128.18473558630586,2.0390617212669904,1024.8748846841274,0.0
530298,LAK ABS DRY COMP 03 GOLDN MED,Lakme,MAKEUP,216,30,124.0,115.51038994050464,1.4737486621106202,52.04241863139056,47.95758136860944
570963,SIMPLE KTS SOOTHING FACIAL TONER 200ML,Simple,SKIN,222,25,80.0,118.99020275949837,2.075851387617951,5926.099450523704,0.0
533770,LAK CC CREAM BEIGE 30GM,Lakme,SKIN,224,29,100.0,112.15278366610637,1.5304151264917907,1350.784698124744,0.0
563824,LAKME EYECONIC VOLUMIZING BLACK MASCARA,Lakme,MAKEUP,221,29,95.0,121.4309467064084,1.7439923192080822,1085.9201166352814,0.0
557155,LAKME ABS 3D BROW DEFINER GRAPHITE,Lakme,MAKEUP,208,29,141.0,94.89853390330777,2.0341067519024136,963.1352446699127,0.0
555945,LAKME ABS ULTIMATE KOHL 1.2G,Lakme,MAKEUP,202,25,56.0,101.73136781804826,2.1136625257434156,4950.54632234872,0.0
506172,LAK INSTA LINER BLACK,Lakme,MAKEUP,214,29,86.0,77.7521947288538,1.3676322126260176,1000.7504147036317,0.0
570967,SIMPLE SERUM VIT CEF 30 ML,Simple,SKIN,222,28,91.0,102.46932669710404,1.6598648450523585,2040.8932405239661,0.0
571248,LAKME TRUEWEAR COLOR CRUSH 404,Lakme,MAKEUP,211,29,128.0,114.35237667643979,1.8730087346789999,1032.989367693552,0.0
570970,SIMPLE SKIN MICELLAR CLEG WATER 200ML,Simple,SKIN,213,27,121.0,99.39431460592229,2.094646662149348,2809.924871550544,0.0
545784,LAKME SUN EXPERT GEL SPF50 100G,Lakme,SKIN,211,30,97.0,66.15561136250292,1.5547266736652106,50.84505482526582,49.15494517473418
506527,LAK JEWEL SINDOOR MAROON,Lakme,MAKEUP,200,30,161.0,124.51569066919117,2.7415450611122867,75.06487422553909,24.935125774460914
532009,LAK EYECONIC CURLING MASCARA,Lakme,MAKEUP,211,29,79.0,68.8368277436813,0.9277267759351973,658.8116966559804,0.0
563936,LAKME 9-5 LIQ CONCEALER 34 ALMOND,Lakme,MAKEUP,202,28,79.0,110.73561784581743,2.1588973358663455,1779.8695692106073,0.0
533771,LAK CC CREAM BRONZE 30GM,Lakme,SKIN,210,28,69.0,79.79515299729636,0.991447607329565,1717.4272751747694,0.0
566767,LAKME ABS MADE TO LAST SETTING SPRAY60ML,Lakme,MAKEUP,207,20,32.0,66.54460213597626,1.3783604160740495,7767.163696575595,0.0
570959,SIMPLE KIND TO SKIN MOIST FAC WSH 150ML,Simple,SKIN,204,26,72.0,80.17254629906658,1.4222846906187423,3184.608277714379,0.0
533402,LAK ABS WI W&D COMP ROSEFAIR02,Lakme,MAKEUP,197,28,78.0,72.35964874980587,1.1622279322231301,1403.3705474946114,0.0
574745,TRESEMME KERATIN SMOOTH SHAMPOO 580ML,TRESEMME,HAIR CARE,188,24,79.0,111.54888809243072,1.8911356681555322,7098.143181060168,0.0
570941,LBP ONION CONDITIONER 200ML,LBP,HAIR CARE,207,26,62.0,85.12194236531255,1.4074936585340732,4475.85811594026,0.0
535858,LAK PR WHITE LIGHT DAY CRM 50G,Lakme,SKIN,209,27,89.0,64.81250224620723,1.5885793081891848,1741.2332505481693,0.0
571247,LAKME TRUEWEAR COLOR CRUSH 403,Lakme,MAKEUP,156,30,134.0,42.959331057847386,3.0728486941444193,57.6782601413173,42.3217398586827
570943,LBP TEA TREE SHAMPOO 200ML,LBP,HAIR CARE,156,28,122.0,118.09046031507329,1.8025411424010256,2458.0699230187925,0.0
530343,LAK ABS MATTE 16H 01IVRY FAIR,Lakme,MAKEUP,204,24,93.0,96.93935600353895,1.7828867382615181,5294.3805589929025,0.0
571231,LAKME TRUEWEAR COLOR CRUSH 16,Lakme,MAKEUP,208,25,81.0,78.23058324286036,1.599470926508393,3729.5207386398106,0.0
553092,LAKME STRAWBERRY FACEWASH 150G,Lakme,SKIN,177,29,104.0,124.57830779240139,1.7438960827029961,1331.405552507267,0.0
531179,LAK SUN UV SPF50 NOR-DRY 100ML,Lakme,SKIN,204,19,45.0,35.206884189828536,1.1760581048632994,4114.6942916384905,0.0
549381,LAKME LIP LOVE CHAPSTICK CHERRY 4.5G,Lakme,SKIN,202,23,72.0,60.89875844709864,1.4138129652396971,4085.4495607645204,0.0
570976,SIMPLE WATER BOOST FACE WASH 150ML,Simple,SKIN,201,25,60.0,52.958496948025974,1.1881613250815888,2631.6000042688074,0.0
572520,LAKME ABS LUMNSSKINTINT FND W160WARMSAND,Lakme,MAKEUP,207,19,36.0,72.56208562462884,1.3346262270536662,7921.214789447345,0.0
574106,LAKME MU+SC VITC SG SP PRIMER 30ML,Lakme,MAKEUP,186,28,86.0,42.49150254560505,1.777372816355875,930.495738240262,0.0
570977,SIMPLE WATER BOOST GEL CREAM 50G,Simple,SKIN,194,25,60.0,51.64205503366177,1.3738980532413094,2618.1235658905516,0.0
506153,LAK 9TO5 FLAWLESS MATTE MELON,Lakme,MAKEUP,193,23,58.0,66.69424230755082,1.2874556288540133,4921.769583014525,0.0
553858,PONDS SUPER LIGHT GEL 49G,Ponds,SKIN,203,22,44.0,51.33530201640111,1.0430739354127911,3697.505584474086,0.0
545189,LAKME 9TO5 P+M COMPACT SILAKMEY GOLDEN9G,Lakme,MAKEUP,200,23,42.0,54.45345450340101,1.0746339531207214,3879.65144061995,0.0
538746,LAK ABS GLS ARTIST BLACK 2.5M,Lakme,MAKEUP,194,24,64.0,77.40428399770056,1.5640908505463749,5219.194768016828,0.0
571379,VASELINE GLUTA HYA RAIDANCE GLOW 200ML,Vaseline,SKIN,192,24,65.0,97.72397198101082,1.7530349184348355,6739.309041989029,0.0
530344,LAK ABS MATTE 16H 03GOLD MED,Lakme,MAKEUP,191,24,56.0,83.04471506000833,1.7045377645043667,5008.215034232559,0.0
545230,LAKME CC HONEY 30G,Lakme,SKIN,207,24,76.0,81.7586968395715,1.8097012722349286,5621.751378011884,0.0
570974,SIMPLE VITC CLAY SCRUB150G,Simple,SKIN,144,30,129.0,73.09917245924626,2.1383098136527594,50.06208832561839,49.93791167438161
568975,VASELINE LIP TINS ORIGINAL 17G,Vaseline,SKIN,196,25,51.0,63.40050705969149,0.9791138084022043,3236.245195628506,0.0
506154,LAK 9TO5 FLAWLESS MATTE ALMND,Lakme,MAKEUP,189,20,48.0,62.830450350989246,1.5471474060459294,6724.370917637104,0.0
568974,VASELINE LIP TINS COCOA BUTTER 17G,Vaseline,SKIN,167,25,82.0,100.33131840912274,1.5464484066878141,4652.382138380054,0.0
571259,LAKME TRUEWEAR COLOR CRUSH 525,Lakme,MAKEUP,187,21,48.0,76.78923041838115,1.6129887939579726,7132.853541268112,0.0
569803,LAKME ABSOL PERFECT RADIANCE SERUM 15ML,Lakme,SKIN,188,27,87.0,85.02832936645993,1.693628196750591,3294.4334031610156,0.0
545187,LAKME 9TO5 P+M COMPACT IVORY CREAM9G,Lakme,MAKEUP,182,23,51.0,54.50551059769332,1.2796268887075963,4335.6170428491405,0.0
573748,LAKME ULTIMATEGLAMCHROMENAIL PINK6ML,Lakme,MAKEUP,185,28,88.0,94.18139686508952,1.4559116192424915,1740.4136694927668,0.0
570292,TRES GLOSS ULTIMATE HAIR SERUM 50ML,TRESEMME,HAIR CARE,187,30,72.0,84.73235780353194,1.1312442961447267,75.8680864962285,24.1319135037715
574105,LAKME MU+SC VITC SG SP MAKEUP FIXER 60ML,Lakme,MAKEUP,186,27,76.0,51.948011560458305,1.2844160270042835,1603.738493628414,0.0
568960,LAKME LUMI CREAM SKIN 60G,Lakme,SKIN,180,27,65.0,67.84598583304603,1.099072817191047,2033.6186758746287,0.0
574744,TRESEMME HAIRFALL DEFENSE+ SHAMPOO 580M,TRESEMME,HAIR CARE,169,23,57.0,88.05055170290653,1.7439004140452574,5888.602825760533,0.0
572048,LAKME EYECONIC PRO BRUSH LINER 1.2G,Lakme,MAKEUP,129,24,77.0,28.796606612296344,2.52115921185559,2954.0395485652857,0.0
574743,DOVE HAIR FALL RESCUE SHAMPOO 650 ML,DOVE,HAIR CARE,168,24,65.0,61.89677574909574,1.285868565045008,3922.0404873093835,0.0
554290,LAKME 9TO5 P+M FDN W240 WARM BEIGE 25ML,Lakme,MAKEUP,168,27,71.0,54.97596440107024,1.222266299749331,1546.4382779678908,0.0
571141,LBP RICE WTR ANGLICA SEED OIL CNDTNR200M,LBP,HAIR CARE,161,27,56.0,83.1929504758609,1.404500469183577,2384.217687980362,0.0
526586,LAK PF RADIANCE FACE WASH 50ML,Lakme,SKIN,165,21,33.0,66.06946002443739,1.306908784503418,5963.612440264857,0.0
535993,LAK ABS SKN GLS GEL CRM 50G,Lakme,SKIN,179,20,39.0,51.44499826858268,1.0525046701600773,5135.664788458083,0.0
563013,LAKME FACEIT COMPACT PEARL 9G,Lakme,MAKEUP,182,21,46.0,68.98639797589499,1.2807987769173026,7094.089712221772,0.0
533401,LAK ABS WI W&D COMP GLDN LGT04,Lakme,MAKEUP,181,22,36.0,58.2876355425897,1.0957036805250664,4722.995699940573,0.0
553857,PONDS SUPER LIGHT GEL 98G,Ponds,SKIN,176,17,35.0,47.09040258745512,1.0755235151461997,6288.1109845319415,0.0
570940,LBP ONION BLKSEED&PATCHOULI HAIROIL 200M,LBP,HAIR CARE,154,24,76.0,67.11790585952868,1.4912305642682613,4010.039982966038,0.0
571018,LAKME ABSOLUTE GLOW PRIMER,Lakme,MAKEUP,177,26,55.0,53.786359591376026,1.001639254459825,2103.707028037719,0.0
564881,LAKME ABS EXPEYEPNCIL MYSTERIUSBLACK1.2G,Lakme,MAKEUP,135,24,80.0,98.31505091099748,1.6236896478881029,4832.438191225342,0.0
546818,LAKME LSE ULTRAMATTE COMPACT SPF40 7G,Lakme,SKIN,181,22,49.0,48.27904225644651,1.0695323734003883,4133.8579879084355,0.0
571425,LAKME SOLUTION MASK HYDRATING 25ML,Lakme,SKIN,155,22,54.0,75.05874847554996,1.572118878423614,5934.197497245224,0.0
554289,LAKME 9TO5 P+M FDN N220 NEUTRALMED25ML,Lakme,MAKEUP,172,25,50.0,54.39774731367185,1.0853634390562827,2802.575586063295,0.0
567389,INDULEK BRINGA HR CLENSR XL BTL 580ML,INDULEKHA,HAIR CARE,150,22,53.0,63.031701485229036,1.3736101169253263,4421.042524137733,0.0
569193,LAKME ABS LOOSE FINISHING POWDR BEIGE8GM,Lakme,MAKEUP,162,25,60.0,82.26795297976751,1.1711568447499612,4242.637340611496,0.0
545188,LAKME 9TO5 P+M COMPACT ROSE SILAKME9G,Lakme,MAKEUP,179,17,36.0,48.231424578129335,1.1407450940186912,6714.878340195871,0.0
571249,LAKME TRUEWEAR COLOR CRUSH 415,Lakme,MAKEUP,152,27,74.0,60.21894670520312,1.2258247781497478,1933.3636277069204,0.0
571426,LAKME SOLUTION MASK REJUVENATING 25ML,Lakme,SKIN,164,15,34.0,59.520286303337784,1.329360948529179,9452.485980996888,0.0
551009,LAKME PEACH MILK SOFT CREME 200G,Lakme,SKIN,159,25,76.0,61.52277262119586,1.6129700515460264,3218.560322716588,0.0
573559,LAKME FACELIFT FND STICKNEUTRALALMOND,Lakme,MAKEUP,166,27,63.0,58.084867238132645,1.202115958701189,1974.0523355834196,0.0
571933,LAKME 9-5 P+S LIP SM1 BLUSH MAUVE,Lakme,MAKEUP,172,20,52.0,33.82419085262825,1.3185720631962665,3546.4714145244466,0.0
574746,TRESEMME SMOOTH & SHINE SHAMPOO 580 ML,TRESEMME,HAIR CARE,149,22,53.0,68.39187087036913,1.5376293268550165,5874.621713148732,0.0
557159,LAKME ABS 3D LASH VOLUMIZER,Lakme,MAKEUP,150,26,82.0,57.08562596254131,1.645539659270706,2371.1024945482386,0.0
564257,LAKME PERFDEFNTN LIPLINER RICH WINE,Lakme,MAKEUP,136,13,18.0,65.69007534317836,2.2926588956661775,12950.840921914147,0.0
562946,LAKME LUMI SKIN CREAM 30G,Lakme,SKIN,176,22,47.0,50.7416361455388,1.1674929830858725,4515.314698595965,0.0
549382,LAKME LIP LOVE CHAPSTICK STRAWBERRY 4.5G,Lakme,SKIN,164,19,46.0,48.66444611784569,1.2266110868363453,5534.838312515076,0.0
545194,LAKME EYECONIC CLASSIC BROWN 0.35G,Lakme,MAKEUP,162,16,30.0,55.57175247758992,1.3405174262700292,8203.560212572003,0.0
574742,DOVE DAILY SHINE SHAMPOO 650 ML,DOVE,HAIR CARE,144,23,60.0,60.97292078011254,1.2773808631716441,4293.637758346928,0.0
535310,V WASH PLUS 100ML,V Wash,PW,161,20,39.0,64.41438964934639,1.1369614106374295,6914.081366646275,0.0
567373,LAKME BLUSH GLOW WATERMELON SHET MSK25ML,Lakme,SKIN,151,17,29.0,58.39121719441703,1.2656632671163444,8729.264911276397,0.0
555909,LAKME ABS 3D LIPSTICK 09 WINE WHISPER,Lakme,MAKEUP,160,26,56.0,39.27727453755497,1.0069086686416995,1491.8411345185018,0.0
528815,VAS HEALTHY WHITE SPF24 300ML,Vaseline,SKIN,155,24,47.0,67.71981674326274,1.1596085497023945,4212.369030888916,0.0
570965,SIMPLE SERUM HA+B5 30 ML,Simple,SKIN,168,21,45.0,36.69902427454157,1.0684305608112858,3406.2350072984673,0.0
572517,LAKME ABS LUMNSSKINTINT FND C300COLCINMN,Lakme,MAKEUP,169,18,29.0,41.791238798993945,0.8173547254559751,4975.38885502062,0.0
526208,DOVE SH 650 INT DAMAGE THERPAY,DOVE,HAIR CARE,146,21,40.0,68.2684609337946,1.0576675198062286,6329.672927592768,0.0
506152,LAK 9TO5 FLAWLESS MATTE APRICT,Lakme,MAKEUP,148,23,47.0,50.67068895258269,1.2016966727398495,3574.584460977956,0.0
547494,LAKME PEACH MILK MOIST SPF24 200M,Lakme,SKIN,162,19,30.0,51.116805819724085,0.9804410467240706,6327.35319161495,0.0
568967,PONDS SUPER LIGHT GEL 247G,Ponds,SKIN,158,25,64.0,44.760556406374455,1.263088582070916,2543.070490459899,0.0
555904,LAKME ABS 3D LIPSTICK 04 PLUM SPELL,Lakme,MAKEUP,159,21,39.0,33.87174817705574,0.8473952222963107,2764.118270832688,0.0
571135,LBP CURRY LEAVES SHAMPOO 200ML,LBP,HAIR CARE,155,20,31.0,36.67265583938751,0.7770982901650413,3883.8645486049095,0.0
508825,LAK CLEANSING MILK 120ML,Lakme,SKIN,161,19,31.0,53.73533709785117,1.2021519697234675,6244.343082051002,0.0
531219,LAK PF RADIANCE NIGHT CRM 50G,Lakme,SKIN,162,24,46.0,48.91036595869837,0.9852642046200234,3422.979677978613,0.0
540363,LAK 9TO5 WGTLESS M BEIG VANILA,Lakme,MAKEUP,154,17,38.0,42.57466048351724,1.2197868278260449,6177.866372787292,0.0
529497,VAS BODY LTN COCOA GLOW 300ML,Vaseline,SKIN,120,25,55.0,23.351066131496513,1.3519795931190581,1397.76848396971,0.0
527495,LAK PERF RAD COMPACT SPF20 03,Lakme,MAKEUP,161,18,23.0,62.91055774537621,1.3810010210223345,8594.48909600644,0.0
571427,LAKME SOLUTION MASK REVITALIZING 25ML,Lakme,SKIN,138,21,34.0,50.41109261687617,1.1094311733480782,5022.310898124986,0.0
545192,LAKME 9TO5 P+M COMPACT NATURALALMOND9G,Lakme,MAKEUP,157,16,27.0,40.26711762713231,1.0551919338446258,6222.105560835175,0.0
567374,LAKME BLUSHGLOW POMEGRANATE SHET MSK25ML,Lakme,SKIN,138,22,38.0,44.89410575566424,1.0515774968908533,4253.811538276726,0.0
571234,LAKME TRUEWEAR COLOR CRUSH 20,Lakme,MAKEUP,145,21,38.0,41.47365645873859,0.9802694072993471,4148.058414027083,0.0
545191,LAKME 9TO5 P+M COMPACT HONEY DEW9G,Lakme,MAKEUP,144,21,36.0,45.25828791326466,1.0036684857521756,4585.032336549029,0.0
571136,LBP CURRY LEAVES SHAMPOO 400ML,LBP,HAIR CARE,152,26,43.0,48.91953636952836,1.0432914961851647,2410.945634094809,0.0
573749,LAKME ULTIMATEGLAMCHROMENAIL RED6ML,Lakme,MAKEUP,143,23,40.0,73.89359213552413,1.3457249208332245,5323.664274998508,0.0
526308,PONDS AM DAY CREAM SPF15 50G,Ponds,SKIN,157,17,32.0,67.27581655884703,1.598714745476447,9601.401545507535,0.0
553094,PONDS WHITE BEAUTY FACEWASH 150G,Ponds,SKIN,125,23,78.0,57.460138823286414,1.9639884747398864,4823.179024712667,0.0
572034,LAKME ABSSKINDEWLIP 102NUDEROSE 3.6GM,Lakme,MAKEUP,147,23,53.0,39.702281414259645,1.119778886687542,2861.13536199873,0.0
571253,LAKME TRUEWEAR COLOR CRUSH 43,Lakme,MAKEUP,131,24,59.0,50.14537315647527,1.3444425049806743,3197.5841407933085,0.0
533683,LAK YOUTH INF DAY CRM 50GM,Lakme,SKIN,148,24,43.0,69.64250963482311,1.084316490440476,4096.248914180383,0.0
571270,LAKMEABS 3DLIPSTICK 17NUDETRIP 3.6GM,Lakme,MAKEUP,147,18,29.0,39.39317404123758,0.8520850006754281,5204.494343431632,0.0
555903,LAKME ABS 3D LIPSTICK 03 MAROON MAGIC,Lakme,MAKEUP,146,22,39.0,28.117013887660782,0.8778158742851649,2325.816573329414,0.0
540362,LAK 9TO5 WGTLESS M ROSE IVRY,Lakme,MAKEUP,147,19,37.0,45.945069664257,0.9898426400791656,5349.363991898762,0.0
569194,LAKME ABS LOOSE FINISHING POWDR IVORY8GM,Lakme,MAKEUP,150,14,24.0,51.54288488977153,1.2480313443314581,9284.297121606947,0.0
572521,LAKME ABS LUMNSSKINTINT FND W240WRMBEIGE,Lakme,MAKEUP,158,11,16.0,41.58141291822638,1.1413971850586162,8968.892755462399,0.0
574764,LAKME GLITTER LIPGLAZE 501BERRYSPRKLR5ML,Lakme,MAKEUP,127,25,59.0,55.77901743311257,1.1494672819412117,2557.895089483405,0.0
569124,LAKME ABS CREME CONCEALER 38 WALNUT 3.9G,Lakme,MAKEUP,145,24,48.0,42.453871373213694,0.9947162009943966,2730.3967756935685,0.0
562396,LAKME 9TO5 VITAMIN C+ SERUM 30M,Lakme,SKIN,156,16,18.0,44.001240795760864,0.9716662032346759,6627.013462924449,0.0
544024,LAKME SUN EXPERT SPF50 50ML,Lakme,SKIN,145,16,29.0,39.54429096220194,1.018779928694878,5977.554717563205,0.0
573581,LAKME SUN EXPERT SPF 50PA+++ UVA/B 15G,Lakme,SKIN,128,12,14.0,30.887028090717585,0.9085881148717996,7009.80103373429,0.0
544924,DOVE BW DEEP NOUR 190ML,DOVE,PW,149,17,28.0,49.34697542069974,1.1172178685751832,6548.147793116421,0.0
573744,LAKME ULTIMATEGLAMCHROMENAIL COPPER6ML,Lakme,MAKEUP,132,21,50.0,66.0077856264212,1.4042545701432723,6403.97154571122,0.0
571245,LAKME TRUEWEAR COLOR CRUSH 36,Lakme,MAKEUP,151,10,17.0,47.1956987739808,1.2542349107250295,10189.293291459557,0.0
570939,LBP ONION BLACKSD&PATCHOULI HAIR MSK200M,LBP,HAIR CARE,151,18,34.0,46.76083773504511,1.0228018184583623,6137.413053582261,0.0
544922,DOVE GENTLE EXFOLIATING BW 250ML,DOVE,PW,137,21,38.0,63.56566750198899,1.1401639333168563,5801.550837470731,0.0
571133,LBP COCONUT WTR &MIMOSA FLWR SH 200ML,LBP,HAIR CARE,149,23,35.0,42.88753469749867,0.7286878484359502,3160.9193829123333,0.0
573030,LAKME ABS LASHBOOSTEXTREMEMASCARA10ML,Lakme,MAKEUP,95,23,48.0,39.21923684483301,0.9679315896571102,2102.462625524662,0.0
557157,LAKME ABS MICRO BROW PERFERCTER COFFEE,Lakme,MAKEUP,148,15,31.0,60.91331942091707,1.6123939605468138,9818.896342797363,0.0
572056,LAKME9-5 MAT2GLASLIQLIPMB02BRWNSUGR7.6GM,Lakme,MAKEUP,138,21,41.0,40.76027436741224,1.0985705743358627,4209.741853799898,0.0
571273,LAKMEABS 3DLIPSTICK 20WINEFLAIR 3.6GM,Lakme,MAKEUP,126,23,50.0,49.77133266029349,1.047879426353939,3566.172643116766,0.0
558649,LAKME ABS BLUR PERFECT MAKEUP PRIMER,Lakme,MAKEUP,151,19,30.0,41.61567473706553,0.8448396526413753,4820.35716990487,0.0
545231,LAKME SUN EXPERT GEL SPF50 50G,Lakme,SKIN,145,21,30.0,47.41468782180197,0.9731319961007555,4630.152920879826,0.0
573338,LAKME ABS BND MAT LIP 501 BURGNDYBS3.4GM,Lakme,MAKEUP,128,23,46.0,44.3780903360373,0.8442143576725151,3141.2193244999103,0.0
540364,LAK 9TO5 WGTLESS M BEIG CARAML,Lakme,MAKEUP,133,20,38.0,47.43045168875685,1.1003070513523634,5771.253274927866,0.0
518538,LAK 9TO5 EYE QURT DESERT ROSE,Lakme,MAKEUP,111,17,22.0,92.65874792526058,2.3552915975086868,13408.270622986265,0.0
567473,PEARS PURE & GENTLE BODY WASH 750 ML,PEARS,PW,151,23,39.0,42.505666139943415,0.8485208953708196,3254.1857227146716,0.0
518445,PONDS WB PW GLOW CRM 50GM,Ponds,SKIN,143,16,24.0,45.7886420514794,1.0810274244235967,7266.801904008594,0.0
545831,LAKME PEACH MILK SOFT CREME 50G,Lakme,SKIN,134,18,30.0,37.95235427485872,1.003662639299188,5033.425697479955,0.0
573340,LAKME FACELIFT BROW SCULPT PALETTE,Lakme,MAKEUP,137,18,28.0,53.811648754505725,1.0400475031791352,6857.112394483872,0.0
555348,LAKME TE FRVR LIQ LIP NUDEDREAM,Lakme,MAKEUP,129,22,43.0,49.86972284642108,1.1556068313960817,3707.0920008281623,0.0
572025,LAKME 9-5 P+MLIPMB7CINNAMONSPICE 3.6G,Lakme,MAKEUP,147,20,26.0,34.93635769421355,0.6521220950169333,3948.949413742947,0.0
572526,LAKME EYECONIC COLLECTION EYE REGIMEKIT,Lakme,MAKEUP,140,18,26.0,34.27193541768605,0.6916597780798915,4178.023724062523,0.0
570935,LBP COFFEE & WARM VANILLA BW 200ML,LBP,PW,128,1,2.0,3.135191144403026,1.7117303814676752,10417.137148010086,0.0
568972,VASELINE COCOA GLOW LOTION 600ML,Vaseline,SKIN,92,23,56.0,2.6753001602950333,1.8153593978069476,245.29535441148388,0.0
531224,PONDS WB SPF20 DC 35G,Ponds,SKIN,139,22,35.0,41.64526201321009,0.9661898166820302,3695.3888648741454,0.0
555345,LAKME TE FRVR LIQ LIP MAUVEECSTASY,Lakme,MAKEUP,127,21,38.0,51.3271690446813,1.111926308849226,5111.256514140708,0.0
576897,LAKME 9TO5 HYA MATTEPRESS POWDR SAND9GM,Lakme,MAKEUP,115,20,38.0,60.793921421333685,1.1192824856728174,6356.860077435173,0.0
524361,PONDS WB PW GLOW FCL FOAM 50GM,Ponds,SKIN,143,17,26.0,38.93219923021642,0.8786741984092639,5765.669895189358,0.0
556564,LAKME SUN EXPERT DE TAN SCRUB 50G,Lakme,SKIN,135,16,21.0,38.66403182598255,0.8804804288323005,6135.4244455397165,0.0
518228,DOVE CR 180 DAILY THERAPY,DOVE,HAIR CARE,127,21,34.0,57.68832012108976,1.0158864007115158,5821.076356556775,0.0
572519,LAKME ABS LUMNSSKINTINT FND N200NUTRALND,Lakme,MAKEUP,151,10,11.0,46.295565543128355,1.199390470346349,9940.05270045637,0.0
571137,LBP COCUNT WTR & MIMOSA FLWR SHAMPO400M,LBP,HAIR CARE,129,18,26.0,55.58141610064399,1.2600446448739897,7385.924722282826,0.0
562028,LAKME 9-5 P+M LIPMP6DEEPWINE 3.6G,Lakme,MAKEUP,125,19,29.0,36.538639124092455,0.8310895915181754,4179.374814436057,0.0
551008,LAKME PEACH MILK SOFT CREME 100G,Lakme,SKIN,145,17,24.0,34.61063627228206,0.7736494207739838,4951.0561711839655,0.0
571229,LAKME TRUEWEAR COLOR CRUSH 14,Lakme,MAKEUP,137,7,9.0,28.915749236240956,0.8414419515777852,7534.11145103072,0.0
571238,LAKME TRUEWEAR COLOR CRUSH 236,Lakme,MAKEUP,116,20,42.0,37.31365311049425,1.108517493668017,3860.152768777886,0.0
571947,LAKME BIPHASIC MAKEUP REMOVER 200ML,Lakme,SKIN,133,20,44.0,48.97104268531919,1.2188931400973215,5487.434831612305,0.0
547495,PONDS LIGHT MOISTURISER 49G,Ponds,SKIN,138,10,12.0,33.98341721331561,0.8832809428225101,7658.178997500501,0.0
571140,LBP RICE WTR ANGLICA SEED OIL SHAMPO400M,LBP,HAIR CARE,130,26,41.0,42.88175452462476,0.7785427640876729,1915.238486680572,0.0
571134,LBP CURRY LEAVES CONDITIONER 200ML,LBP,HAIR CARE,132,18,25.0,37.11191683740268,0.7387119855996621,4586.803245065432,0.0
571939,LAKME 9-5 P+S LIP SP2 PINK DREAM,Lakme,MAKEUP,131,13,18.0,36.489929649041365,0.8602069180616833,6381.605724882185,0.0
538344,LAK ABS PORE FIX TONER 60M,Lakme,SKIN,127,15,24.0,46.344226643765666,1.2041005994418912,7492.28687094588,0.0
573580,LAKME SUN EXPERT SPF 50 PA+++ UVA/B56M,Lakme,SKIN,125,11,14.0,37.75980530183423,0.9570689962609691,8155.8100591827415,0.0
530345,LAK ABS MATTE 16H 05 BEIGEHNY,Lakme,MAKEUP,125,16,29.0,47.832764917044514,1.2089460751418968,7187.8286665775395,0.0
567371,LAKME BLUSH GLOW LEMON SHEET MASK25ML,Lakme,SKIN,114,15,20.0,37.55359583134155,0.7895670830867515,5804.069811922962,0.0
571440,LAKME PERFDEFNTN LIPLINER BLACK CURRANT,Lakme,MAKEUP,120,5,5.0,4.0466064370330805,1.2923723481475828,5823.009195761545,0.0
572053,LAKME9-5 MAT2GLAS LQLPMM01MLBRYWNE7.6GM,Lakme,MAKEUP,124,14,19.0,45.53202012938596,1.2250941165042808,8490.31831881942,0.0
576887,LAKME 9TO5 HYA MAT LIQ CONCLR ALMOND 2ML,Lakme,MAKEUP,89,27,63.0,71.30744830892311,1.0526024121600246,2437.0658004859743,0.0
528814,VAS HEALTHY WHITE 100ML SPF24,Vaseline,SKIN,126,22,30.0,45.5187096750911,0.8851268610475863,4161.747543711306,0.0
571378,VASELINE GLUTA HYA FLAWLESS GLOW 200ML,Vaseline,SKIN,118,19,36.0,51.9940503831679,1.28592947217258,5866.57065588947,0.0
533361,PONDS WB BB CREAM 18GM,Ponds,SKIN,119,14,20.0,41.081515322270505,0.9727183189643536,7192.20702331589,0.0
572578,LAKME LUMI TINT GOLD 60GM,Lakme,SKIN,123,21,37.0,49.56399149123446,0.9938382786393878,4758.6481665713545,0.0
572063,LAMEK9-5 MAT2GLAS LIQLIPMR02BOLDINRD7.6G,Lakme,MAKEUP,118,18,30.0,40.01274978482881,0.9074865316439367,4951.879243447395,0.0
569117,LAKME 9TO5 WET&DRY COMPACT 34 ALMOND9G,Lakme,MAKEUP,121,21,35.0,42.59117247319031,0.8439727946311656,4078.8389326428983,0.0
571139,LBP RICE WTR ANGLICA SEED OIL CNDTNR400M,LBP,HAIR CARE,132,18,32.0,32.70133655816269,0.999441015045297,4115.713666501442,0.0
517693,LAK PEACH MLK MOIST 60ML,Lakme,SKIN,135,11,13.0,41.78419282307923,1.0486874413985283,8577.68428272548,0.0
533685,LAK YOUTH INF NIGHT CRM 50GM,Lakme,SKIN,140,13,17.0,38.70076410567241,0.9638009550770558,7387.801773187547,0.0
576890,LAKME 9TO5 HYA MAT LIQ CONCLR NUDE 2ML,Lakme,MAKEUP,85,23,52.0,70.60363825883863,1.2502223234551826,5114.652563846756,0.0
555350,LAKME TE FRVR LIQ LIP NUDEPINK,Lakme,MAKEUP,120,21,37.0,41.0638921495783,0.7875845323749615,4090.6797774708375,0.0
571945,LAKME 9-5 P+S LIP SR5 WINE,Lakme,MAKEUP,120,8,11.0,27.297082606442412,0.7872096330794068,6486.380084500653,0.0
545190,LAKME 9TO5 P+M COMPACT NATURAL LIGHT9G,Lakme,MAKEUP,114,18,30.0,29.811657810547157,0.8691234428493971,3876.0216885427617,0.0
572282,LAKME LIP LOVE LIP MASK,Lakme,SKIN,121,15,26.0,45.1095143943931,1.049327708739301,7299.575909955611,0.0
522342,DOVE CRM BEAUTY BATHBAR 125GX3,DOVE,PW,131,15,19.0,34.083512930645156,0.7938513373914208,5729.287688719183,0.0
576883,LAKME 9TO5 HYA MAT LIPSTK SANGRASNDY3.6G,Lakme,MAKEUP,86,23,41.0,60.29872063859576,1.1559570724617216,4330.2353301728235,0.0
573561,LAKME FACELIFT FND STICKWARMBEIGE,Lakme,MAKEUP,115,12,16.0,26.51435042858882,0.6938576561385061,5198.913873873491,0.0
576872,LAKME 9TO5 HYA MAT LIPSTK AFTRHRSWINE3.6,Lakme,MAKEUP,77,26,61.0,60.422484763314905,1.164300387303305,2434.8685416443577,0.0
533408,LAK ABS MAT SN MUSE ROSEFAIR02,Lakme,MAKEUP,111,19,27.0,41.61292811236169,0.8081374295816289,5116.717432957038,0.0
553093,PONDS PURE WHITE FACE WASH150G,Ponds,SKIN,109,22,44.0,38.83460182111865,1.1955276036310758,3602.740359908461,0.0
508836,PONDS FW WHITE BEAUTY100 Ml,Ponds,SKIN,118,13,19.0,39.545574464764826,1.1152399970840892,7966.46275669495,0.0
555347,LAKME TE FRVR LIQ LIP MAUVEPARTY,Lakme,MAKEUP,113,15,23.0,54.88011678534458,1.1472181323425588,8743.221926829103,0.0
571265,LAKME TRUEWEAR COLOR CRUSH 91,Lakme,MAKEUP,114,11,11.0,47.36443836039098,1.212147945346366,9751.28429417939,0.0
522192,VAS INT CARE HW SL BLTN 300ML,Vaseline,SKIN,116,16,28.0,43.155569898591594,1.279795815469358,6820.323133189008,0.0
574098,LAKME MU+SC VITC SG CONCLR 30CINMN5.4ML,Lakme,MAKEUP,117,17,23.0,29.51161975243292,0.8184119796844234,4729.961481927743,0.0
554276,LAKME 9TO5 P+M FDN C280 COOL TAN 25ML,Lakme,MAKEUP,117,11,16.0,37.94934738465316,0.9857123645882548,7948.020941947809,0.0
563935,LAKME 9-5 LIQ CONCEALER 30 CINNAMON,Lakme,MAKEUP,96,0,0.0,4.857013900899655,0.3238009267266436,3138.0092672664355,0.0
563634,LAKME 9 TO 5 VITAMIN C FACE WASH 100G,Lakme,SKIN,113,11,12.0,41.36386555910288,1.0259740250646534,8778.08819517877,0.0
572550,LAKME GCSHINE NAIL COLORLAVENDER GLAM,Lakme,MAKEUP,120,0,0.0,28.654947019981154,1.4327473509990578,14227.473509990577,0.0
562036,LAKME 9-5 P+M LIPMR5BERRYBASE 3.6G,Lakme,MAKEUP,110,16,25.0,30.37915555571074,0.8874626478505753,4788.270532176526,0.0
570944,LBP TEA TREE CONDITIONER 200ML,LBP,HAIR CARE,107,14,20.0,45.02642240335406,1.2277086251324436,8394.517402045421,0.0
508824,LAK CLEANSING MILK 60ML,Lakme,SKIN,111,15,18.0,38.6228195579336,0.8664501827992621,6157.135196403109,0.0
573331,LAKME ABS BND MAT LIP 104 MARONMGNT3.4GM,Lakme,MAKEUP,118,12,17.0,40.35175256905886,1.103222477982625,8381.871358570785,0.0
574099,LAKME MU+SC VITC SG SP COMPACT BEIG248GM,Lakme,MAKEUP,115,17,21.0,32.63866032796702,0.791169404766492,4899.650250989065,0.0
573033,LAKME FACE IT BLUSH NATURAL ROSE B1 4GM,Lakme,MAKEUP,101,19,28.0,49.71432927761769,1.077510284635837,6016.444127841817,0.0
572055,LAKME9-5 MAT2GLASLIQLIPMB01COCOA 7.6GM,Lakme,MAKEUP,116,13,16.0,35.131697272745306,0.7992373915770764,6413.0423296237595,0.0
571132,LBP COCONUT WTR & MIMOSA FLWR CR 200ML,LBP,HAIR CARE,108,14,25.0,44.92334016562243,1.180104116370167,7706.952111529532,0.0
576869,LAK 9TO5 HYA MAT LIP LIQUID POWERHOUSPLM,Lakme,MAKEUP,83,23,38.0,65.39069983098305,1.2332279076417596,5308.519782344917,0.0
571030,LAKME ABSSHEERLM304 CHCLTE TMPTN 4.6GM,Lakme,MAKEUP,104,18,36.0,47.02707516710344,1.1754009930429503,6476.030598262317,0.0
557160,LAKME ABS SPOTLIGHT ESP BERRYMARTINI 12G,Lakme,MAKEUP,113,11,17.0,33.29870214696063,0.9887643588658894,7189.405693938951,0.0
533360,PONDS WB BB CREAM 9GM,Ponds,SKIN,115,12,15.0,35.77008986348437,0.9052799089288461,7133.0302993384175,0.0
562018,LAKME 9-5 P+M LIPMB1CHOCOLATECRUSH 3.6G,Lakme,MAKEUP,113,13,14.0,44.7897515700474,1.0730735921277272,8865.433210538753,0.0
508813,VAS BODY LOTION ALOE SOOTH300M,Vaseline,SKIN,109,7,8.0,53.689747263125824,1.5432158988852882,13819.075179451147,0.0
