Month,SKU Code,Qty
2,504896,1
2,504900,1
2,504963,1
2,506142,1
2,506150,127
2,506152,55
2,506153,72
2,506154,78
2,506168,1
2,506172,86
2,506173,145
2,506280,320
2,506527,75
2,508804,14
2,508806,6
2,508808,10
2,508809,17
2,508810,30
2,508811,35
2,508812,10
2,508813,10
2,508824,29
2,508825,47
2,508836,20
2,508839,10
2,508840,20
2,508848,8
2,510292,13
2,517693,23
2,518228,19
2,518243,18
2,518445,31
2,518536,7
2,518538,24
2,522192,11
2,522342,28
2,522628,17
2,523309,18
2,524361,24
2,525572,1
2,526208,39
2,526307,23
2,526308,34
2,526309,13
2,526310,20
2,526584,105
2,526586,51
2,527097,22
2,527106,10
2,527495,35
2,527497,22
2,528193,20
2,528194,14
2,528201,9
2,528202,9
2,528814,22
2,528815,22
2,529488,7
2,529497,87
2,529599,1
2,530297,135
2,530298,106
2,530299,132
2,530302,169
2,530343,55
2,530344,63
2,530345,25
2,531179,90
2,531219,39
2,531221,8
2,531222,6
2,531224,25
2,531991,9
2,532008,217
2,532009,90
2,532319,15
2,532555,10
2,532990,1
2,533051,22
2,533052,4
2,533060,3
2,533287,12
2,533289,7
2,533290,10
2,533360,23
2,533361,36
2,533401,56
2,533402,100
2,533407,27
2,533408,15
2,533683,25
2,533685,32
2,533686,2
2,533770,97
2,533771,88
2,533935,1
2,533991,8
2,534103,32
2,534104,21
2,535310,45
2,535858,77
2,535993,49
2,537439,10
2,538344,7
2,538603,4
2,538746,36
2,539742,7
2,540027,2
2,540362,41
2,540363,48
2,540364,26
2,540365,13
2,541547,17
2,541548,11
2,541958,196
2,542954,14
2,543522,6
2,543811,1
2,544024,51
2,544922,25
2,544923,22
2,544924,37
2,545187,62
2,545188,54
2,545189,87
2,545190,29
2,545191,35
2,545192,52
2,545194,31
2,545229,11
2,545230,48
2,545231,32
2,545482,4
2,545483,2
2,545784,78
2,545813,3
2,545814,15
2,545831,41
2,546258,5
2,546259,3
2,546818,48
2,546886,1
2,546918,9
2,547494,34
2,547495,37
2,547496,22
2,547497,16
2,547675,23
2,548243,12
2,548919,554
2,549376,1
2,549381,83
2,549382,49
2,550680,19
2,550892,23
2,550893,13
2,551008,33
2,551009,34
2,551010,15
2,551802,8
2,552236,211
2,552237,4
2,553091,4
2,553092,43
2,553093,22
2,553094,22
2,553544,2
2,553820,1
2,553853,15
2,553857,65
2,553858,93
2,554276,23
2,554289,43
2,554290,45
2,554425,1
2,554439,11
2,554864,11
2,555341,8
2,555345,27
2,555347,14
2,555348,30
2,555349,1
2,555350,18
2,555351,14
2,555356,1
2,555901,20
2,555902,19
2,555903,48
2,555904,46
2,555905,7
2,555909,46
2,555911,21
2,555912,18
2,555914,1
2,555916,2
2,555945,73
2,555946,1
2,556435,1
2,556564,36
2,557155,123
2,557156,17
2,557157,12
2,557158,2
2,557159,19
2,557160,27
2,557162,22
2,557163,7
2,557438,128
2,558649,43
2,558677,1
2,558818,12
2,559145,1
2,561865,2
2,561866,1
2,561880,1
2,562018,18
2,562019,3
2,562021,14
2,562022,3
2,562027,18
2,562028,44
2,562030,18
2,562033,12
2,562034,26
2,562035,3
2,562036,23
2,562040,20
2,562041,15
2,562046,2
2,562248,2
2,562256,1
2,562394,24
2,562395,15
2,562396,44
2,562400,5
2,562401,6
2,562407,11
2,562408,11
2,562409,18
2,562790,13
2,562791,2
2,562946,50
2,562955,1
2,562971,1
2,562979,4
2,562981,6
2,562982,2
2,562983,6
2,562989,13
2,562990,9
2,563013,45
2,563634,30
2,563824,66
2,563935,53
2,563936,80
2,563937,7
2,564051,8
2,564052,3
2,564253,45
2,564257,50
2,564584,1
2,564877,5
2,564881,87
2,564901,11
2,565727,1
2,565729,1
2,565732,6
2,566767,107
2,567101,9
2,567113,4
2,567370,18
2,567371,26
2,567372,4
2,567373,37
2,567374,54
2,567386,1
2,567389,23
2,567391,7
2,567392,5
2,567393,10
2,567394,6
2,567395,8
2,567469,2
2,567470,8
2,567471,14
2,567473,34
2,567474,8
2,567840,3
2,568392,6
2,568417,14
2,568422,23
2,568949,2
2,568953,11
2,568954,12
2,568956,1
2,568957,7
2,568959,15
2,568960,62
2,568961,1
2,568966,1
2,568967,40
2,568968,7
2,568971,5
2,568972,86
2,568974,106
2,568975,90
2,568976,40
2,569112,7
2,569113,11
2,569114,4
2,569115,23
2,569116,14
2,569117,29
2,569118,6
2,569124,29
2,569125,2
2,569126,4
2,569128,1
2,569192,20
2,569193,29
2,569194,27
2,569211,15
2,569802,10
2,569803,43
2,570291,11
2,570292,40
2,570294,2
2,570597,1
2,570598,9
2,570599,17
2,570600,6
2,570717,1
2,570719,1
2,570726,1
2,570729,1
2,570730,1
2,570733,2
2,570738,2
2,570927,200
2,570928,120
2,570929,105
2,570932,35
2,570933,1
2,570934,21
2,570935,46
2,570936,76
2,570937,7
2,570938,46
2,570939,34
2,570940,72
2,570941,70
2,570942,144
2,570943,115
2,570944,19
2,570959,85
2,570961,403
2,570963,101
2,570965,50
2,570966,124
2,570967,102
2,570968,1
2,570969,184
2,570970,67
2,570971,181
2,570972,113
2,570973,157
2,570974,100
2,570975,168
2,570976,80
2,570977,101
2,570978,142
2,570997,5
2,570999,2
2,571000,2
2,571002,1
2,571003,2
2,571004,3
2,571005,1
2,571006,2
2,571008,4
2,571011,1
2,571017,1
2,571018,53
2,571020,2
2,571021,5
2,571025,1
2,571027,1
2,571029,2
2,571030,12
2,571031,2
2,571032,1
2,571033,2
2,571034,2
2,571035,12
2,571036,12
2,571131,293
2,571132,18
2,571133,27
2,571134,27
2,571135,45
2,571136,49
2,571137,30
2,571138,129
2,571139,21
2,571140,29
2,571141,70
2,571156,3
2,571158,3
2,571159,1
2,571223,91
2,571224,1
2,571225,132
2,571227,97
2,571229,36
2,571230,25
2,571231,70
2,571232,1
2,571234,43
2,571235,99
2,571238,29
2,571239,1
2,571241,6
2,571243,14
2,571244,1
2,571245,45
2,571247,82
2,571248,82
2,571249,32
2,571253,31
2,571255,1
2,571258,2
2,571259,47
2,571260,11
2,571261,11
2,571265,28
2,571268,9
2,571269,19
2,571270,49
2,571271,20
2,571272,18
2,571273,32
2,571276,6
2,571277,2
2,571278,5
2,571279,5
2,571378,16
2,571379,36
2,571424,122
2,571425,45
2,571426,45
2,571427,49
2,571428,12
2,571429,8
2,571439,23
2,571440,46
2,571441,8
2,571582,2
2,571583,2
2,571584,1
2,571586,2
2,571588,2
2,571593,3
2,571594,5
2,571595,1
2,571596,2
2,571597,1
2,571599,4
2,571600,2
2,571601,6
2,571602,4
2,571925,1
2,571927,13
2,571931,21
2,571932,18
2,571933,75
2,571935,6
2,571939,40
2,571941,16
2,571942,18
2,571945,36
2,571947,15
2,571949,13
2,572025,35
2,572030,1
2,572034,47
2,572037,1
2,572038,1
2,572042,9
2,572044,14
2,572048,53
2,572049,1
2,572053,34
2,572054,1
2,572055,25
2,572056,36
2,572057,11
2,572058,14
2,572059,5
2,572061,19
2,572062,1
2,572063,36
2,572065,1
2,572075,2
2,572076,3
2,572077,2
2,572078,2
2,572280,1
2,572281,7
2,572282,11
2,572283,19
2,572284,7
2,572285,13
2,572287,1
2,572288,3
2,572289,4
2,572290,6
2,572291,3
2,572292,2
2,572293,8
2,572294,12
2,572295,2
2,572296,2
2,572297,4
2,572320,1
2,572322,16
2,572323,16
2,572324,9
2,572325,1
2,572326,9
2,572327,17
2,572349,2
2,572352,2
2,572363,1
2,572365,1
2,572366,1
2,572367,1
2,572368,26
2,572510,1
2,572511,2
2,572512,1
2,572513,1
2,572515,2
2,572516,24
2,572517,55
2,572518,12
2,572519,25
2,572520,87
2,572521,42
2,572522,1
2,572523,1
2,572526,35
2,572529,1
2,572532,1
2,572533,2
2,572541,1
2,572542,3
2,572543,3
2,572547,24
2,572548,15
2,572549,2
2,572550,23
2,572551,1
2,572553,15
2,572578,16
2,572579,25
2,572580,6
2,572911,1
2,572912,5
2,572913,1
2,573030,90
2,573031,35
2,573033,16
2,573034,3
2,573035,2
2,573036,3
2,573037,3
2,573038,4
2,573039,4
2,573324,2
2,573325,8
2,573326,8
2,573327,7
2,573328,15
2,573329,17
2,573330,8
2,573331,23
2,573332,3
2,573333,11
2,573334,1
2,573335,14
2,573336,13
2,573337,8
2,573338,45
2,573339,6
2,573340,31
2,573341,8
2,573342,11
2,573343,15
2,573344,8
2,573345,1
2,573346,8
2,573347,3
2,573348,14
2,573494,4
2,573495,2
2,573496,2
2,573498,2
2,573499,1
2,573503,1
2,573556,1
2,573557,17
2,573558,5
2,573559,37
2,573560,19
2,573561,29
2,573562,20
2,573563,25
2,573564,30
2,573565,9
2,573566,12
2,573567,6
2,573569,1
2,573570,1
2,573572,1
2,573573,4
2,573578,3
2,573579,14
2,573580,37
2,573581,53
2,573582,6
2,573584,2
2,573585,3
2,573610,4
2,573611,9
2,573612,1
2,573613,7
2,573614,1
2,573615,8
2,573616,9
2,573617,1
2,573706,1
2,573707,3
2,573708,47
2,573741,14
2,573742,24
2,573743,16
2,573744,13
2,573745,12
2,573746,18
2,573747,14
2,573748,39
2,573749,21
2,573750,10
2,573792,2
2,573793,3
2,573794,1
2,573795,2
2,573829,6
2,573830,8
2,573831,4
2,573832,4
2,573836,4
2,573837,4
2,573839,1
2,573840,1
2,574095,4
2,574096,5
2,574097,7
2,574098,25
2,574099,17
2,574100,17
2,574101,4
2,574102,15
2,574103,7
2,574104,3
2,574105,44
2,574106,85
2,574107,4
2,574108,8
2,574109,6
2,574110,5
2,574111,4
2,574112,4
2,574113,12
2,574114,4
2,574115,7
2,574116,5
2,574117,8
2,574118,5
2,574310,12
2,574311,13
2,574312,7
2,574313,8
2,574314,6
2,574315,9
2,574549,2
2,574550,8
2,574551,3
2,574552,4
2,574553,10
2,574554,4
2,574555,6
2,574742,27
2,574743,48
2,574744,33
2,574745,42
2,574746,40
2,574751,1
2,574752,1
2,574755,11
2,574756,5
2,574757,7
2,574758,10
2,574759,12
2,574760,5
2,574761,7
2,574762,24
2,574763,4
2,574764,5
2,574765,9
2,574766,3
2,574864,19
2,575052,2
2,575053,7
2,575054,4
2,575055,4
2,575056,3
2,575058,5
2,575065,1
2,575072,4
2,575073,7
2,575074,3
2,575075,1
2,575085,2
2,575086,5
2,575088,3
2,575090,2
2,575091,4
2,575093,2
2,575094,3
2,575096,7
2,575097,5
2,575098,1
2,575099,1
2,575100,1
2,575101,9
2,575102,3
2,575103,20
2,575104,2
2,575105,8
2,575106,5
2,575848,2
2,575850,2
2,575851,4
2,575852,7
2,575853,1
2,575855,11
2,575860,4
2,575861,4
2,575862,1
2,575863,2
2,575864,4
2,575865,2
2,575866,3
2,575867,1
2,575868,1
2,575872,1
2,575873,4
2,575874,1
2,575875,4
2,575876,7
2,575877,4
2,576393,1
2,576396,1
2,576400,1
2,576401,6
2,576402,1
2,576523,2
2,576524,3
2,576526,2
3,504896,5
3,504963,2
3,506142,1
3,506150,134
3,506151,1
3,506152,39
3,506153,83
3,506154,72
3,506172,93
3,506173,183
3,506280,374
3,506527,75
3,508804,7
3,508806,27
3,508808,13
3,508809,15
3,508810,19
3,508811,10
3,508812,14
3,508813,22
3,508824,36
3,508825,36
3,508836,29
3,508839,14
3,508840,21
3,508848,16
3,510292,14
3,517693,37
3,518226,1
3,518228,23
3,518243,26
3,518445,37
3,518536,6
3,518537,1
3,518538,14
3,521426,1
3,522192,25
3,522342,23
3,522628,11
3,523309,20
3,524361,43
3,525573,2
3,525574,1
3,526208,28
3,526307,19
3,526308,41
3,526309,12
3,526310,14
3,526584,130
3,526586,69
3,527097,20
3,527106,2
3,527495,40
3,527497,30
3,528193,34
3,528194,15
3,528201,11
3,528202,14
3,528814,33
3,528815,51
3,529205,1
3,529488,6
3,529497,23
3,529599,1
3,530297,90
3,530298,94
3,530299,122
3,530302,186
3,530343,59
3,530344,54
3,530345,28
3,531179,131
3,531219,43
3,531221,7
3,531222,6
3,531224,40
3,531991,12
3,531992,1
3,532001,1
3,532008,237
3,532009,97
3,532319,15
3,532555,13
3,533051,21
3,533052,3
3,533060,5
3,533287,19
3,533289,11
3,533290,9
3,533360,34
3,533361,29
3,533401,65
3,533402,93
3,533407,18
3,533408,32
3,533683,34
3,533685,31
3,533686,1
3,533770,92
3,533771,84
3,533991,10
3,534103,15
3,534104,21
3,534276,1
3,535310,41
3,535858,95
3,535993,62
3,537439,6
3,538344,38
3,538746,70
3,539741,1
3,539742,8
3,540362,25
3,540363,40
3,540364,22
3,540365,13
3,540915,1
3,540916,1
3,541547,20
3,541548,9
3,541958,186
3,542954,16
3,543522,6
3,544024,52
3,544922,28
3,544923,22
3,544924,25
3,545187,55
3,545188,53
3,545189,75
3,545190,35
3,545191,46
3,545192,46
3,545194,43
3,545229,14
3,545230,55
3,545231,33
3,545482,5
3,545483,6
3,545784,134
3,545813,9
3,545814,9
3,545831,48
3,546258,1
3,546818,75
3,546918,15
3,547494,72
3,547495,37
3,547496,23
3,547497,23
3,547675,9
3,548243,15
3,548919,1224
3,549381,85
3,549382,63
3,550680,18
3,550892,29
3,550893,26
3,551008,30
3,551009,49
3,551010,14
3,551802,4
3,552236,194
3,552237,11
3,552617,1
3,553090,1
3,553091,8
3,553092,37
3,553093,14
3,553094,24
3,553819,2
3,553823,1
3,553853,12
3,553857,79
3,553858,81
3,554110,1
3,554276,32
3,554289,48
3,554290,43
3,554437,1
3,554439,18
3,554864,7
3,555341,20
3,555345,31
3,555347,17
3,555348,25
3,555350,21
3,555351,7
3,555354,1
3,555901,6
3,555902,19
3,555903,49
3,555904,53
3,555905,3
3,555909,34
3,555911,23
3,555912,15
3,555916,4
3,555945,98
3,555946,1
3,555948,1
3,555952,1
3,556436,3
3,556564,36
3,557155,82
3,557156,12
3,557157,42
3,557158,1
3,557159,34
3,557160,23
3,557162,15
3,557163,6
3,557438,139
3,558649,19
3,558678,1
3,558818,11
3,559143,1
3,559150,1
3,561862,1
3,561865,1
3,561866,1
3,562018,28
3,562019,5
3,562021,14
3,562022,6
3,562027,15
3,562028,30
3,562030,12
3,562033,6
3,562034,31
3,562035,3
3,562036,21
3,562040,22
3,562041,20
3,562046,6
3,562255,2
3,562256,1
3,562394,21
3,562395,13
3,562396,54
3,562400,5
3,562401,5
3,562407,15
3,562408,13
3,562409,10
3,562790,19
3,562791,1
3,562946,40
3,562979,7
3,562982,2
3,562983,2
3,562989,9
3,562990,7
3,563013,59
3,563634,31
3,563824,113
3,563935,61
3,563936,80
3,563937,3
3,564051,8
3,564052,3
3,564253,46
3,564257,17
3,564260,1
3,564876,1
3,564877,5
3,564878,1
3,564881,42
3,564901,14
3,565729,1
3,565732,4
3,566767,94
3,567017,1
3,567020,3
3,567101,3
3,567113,4
3,567370,22
3,567371,34
3,567372,1
3,567373,50
3,567374,44
3,567386,2
3,567389,49
3,567391,3
3,567392,6
3,567393,6
3,567394,11
3,567395,5
3,567470,17
3,567471,13
3,567473,18
3,567474,12
3,567840,5
3,568392,8
3,568417,9
3,568422,15
3,568949,4
3,568953,14
3,568954,7
3,568956,1
3,568957,4
3,568959,10
3,568960,53
3,568961,1
3,568964,2
3,568967,45
3,568968,2
3,568971,9
3,568972,17
3,568974,56
3,568975,63
3,568976,21
3,569112,3
3,569113,14
3,569114,5
3,569115,21
3,569116,16
3,569117,26
3,569118,11
3,569124,29
3,569125,1
3,569126,3
3,569128,1
3,569192,20
3,569193,22
3,569194,50
3,569211,12
3,569802,8
3,569803,50
3,570291,13
3,570292,38
3,570293,6
3,570294,3
3,570297,4
3,570597,1
3,570598,3
3,570599,15
3,570600,6
3,570608,1
3,570723,1
3,570725,1
3,570726,1
3,570727,1
3,570728,1
3,570731,1
3,570732,3
3,570733,1
3,570927,194
3,570928,142
3,570929,136
3,570932,56
3,570933,2
3,570934,9
3,570935,56
3,570936,38
3,570937,3
3,570938,41
3,570939,37
3,570940,42
3,570941,78
3,570942,168
3,570943,36
3,570944,24
3,570959,87
3,570961,505
3,570963,121
3,570965,42
3,570966,152
3,570967,106
3,570969,231
3,570970,100
3,570971,203
3,570972,115
3,570973,155
3,570974,79
3,570975,188
3,570976,104
3,570977,80
3,570978,163
3,570997,2
3,570998,8
3,570999,2
3,571002,2
3,571003,1
3,571005,3
3,571006,2
3,571008,2
3,571018,59
3,571020,1
3,571021,6
3,571024,1
3,571030,18
3,571031,3
3,571032,1
3,571033,3
3,571034,1
3,571035,21
3,571036,7
3,571131,227
3,571132,27
3,571133,37
3,571134,28
3,571135,63
3,571136,37
3,571137,37
3,571138,166
3,571139,32
3,571140,34
3,571141,58
3,571156,4
3,571158,2
3,571223,140
3,571225,173
3,571227,118
3,571229,48
3,571230,25
3,571231,55
3,571233,2
3,571234,48
3,571235,107
3,571236,1
3,571238,28
3,571239,1
3,571241,2
3,571243,16
3,571245,48
3,571247,102
3,571248,85
3,571249,48
3,571253,46
3,571255,1
3,571256,3
3,571257,1
3,571258,1
3,571259,69
3,571260,13
3,571261,10
3,571262,1
3,571264,1
3,571265,25
3,571268,10
3,571269,18
3,571270,41
3,571271,10
3,571272,23
3,571273,27
3,571277,4
3,571278,3
3,571279,3
3,571378,26
3,571379,58
3,571424,103
3,571425,40
3,571426,47
3,571427,39
3,571428,17
3,571429,10
3,571439,22
3,571440,31
3,571441,6
3,571442,4
3,571582,1
3,571583,2
3,571585,1
3,571587,1
3,571588,2
3,571593,3
3,571594,3
3,571595,5
3,571596,2
3,571597,2
3,571598,6
3,571599,8
3,571600,2
3,571601,2
3,571602,3
3,571927,8
3,571931,20
3,571932,30
3,571933,60
3,571939,27
3,571941,13
3,571942,17
3,571945,45
3,571947,22
3,571949,10
3,572023,1
3,572025,28
3,572034,42
3,572037,1
3,572038,1
3,572042,11
3,572044,9
3,572048,49
3,572051,1
3,572053,27
3,572054,1
3,572055,27
3,572056,41
3,572057,17
3,572058,14
3,572059,8
3,572061,33
3,572063,21
3,572075,3
3,572076,2
3,572077,1
3,572280,11
3,572281,3
3,572282,22
3,572283,27
3,572284,2
3,572285,12
3,572286,3
3,572287,1
3,572290,1
3,572291,3
3,572293,3
3,572294,4
3,572295,2
3,572296,12
3,572297,6
3,572322,14
3,572323,24
3,572324,4
3,572326,2
3,572327,26
3,572346,1
3,572349,2
3,572351,1
3,572352,1
3,572363,1
3,572367,1
3,572368,11
3,572509,1
3,572510,1
3,572511,1
3,572512,1
3,572513,1
3,572514,1
3,572516,20
3,572517,51
3,572518,16
3,572519,29
3,572520,74
3,572521,35
3,572522,1
3,572523,2
3,572526,28
3,572530,2
3,572536,1
3,572543,1
3,572545,1
3,572546,2
3,572547,13
3,572548,8
3,572549,1
3,572550,27
3,572551,2
3,572553,18
3,572578,28
3,572579,24
3,572580,9
3,572913,1
3,572914,1
3,573030,28
3,573031,33
3,573032,3
3,573033,12
3,573034,3
3,573035,4
3,573036,5
3,573037,2
3,573038,7
3,573039,4
3,573324,5
3,573325,4
3,573326,8
3,573327,2
3,573328,6
3,573329,15
3,573330,6
3,573331,19
3,573332,6
3,573333,5
3,573335,14
3,573336,12
3,573337,4
3,573338,32
3,573339,1
3,573340,23
3,573341,8
3,573342,16
3,573343,24
3,573344,4
3,573345,5
3,573346,6
3,573347,8
3,573348,20
3,573494,2
3,573495,2
3,573496,1
3,573497,1
3,573499,1
3,573502,1
3,573503,2
3,573556,1
3,573557,16
3,573558,4
3,573559,33
3,573560,20
3,573561,33
3,573562,10
3,573563,12
3,573564,23
3,573565,7
3,573566,6
3,573567,1
3,573569,1
3,573573,2
3,573574,2
3,573578,11
3,573579,14
3,573580,27
3,573581,71
3,573582,6
3,573583,3
3,573584,3
3,573610,1
3,573611,12
3,573612,1
3,573613,4
3,573614,3
3,573615,16
3,573616,5
3,573617,2
3,573705,2
3,573706,2
3,573707,1
3,573708,57
3,573709,1
3,573741,11
3,573742,16
3,573743,15
3,573744,26
3,573745,18
3,573746,27
3,573747,12
3,573748,38
3,573749,19
3,573750,17
3,573792,3
3,573793,3
3,573794,1
3,573795,1
3,573797,2
3,573798,3
3,573829,5
3,573830,6
3,573831,5
3,573832,4
3,573836,1
3,573837,1
3,573838,3
3,573839,1
3,573840,1
3,574095,4
3,574096,4
3,574097,8
3,574098,15
3,574099,34
3,574100,26
3,574101,2
3,574102,22
3,574103,18
3,574104,10
3,574105,45
3,574106,75
3,574107,7
3,574108,5
3,574109,6
3,574110,4
3,574111,5
3,574112,6
3,574113,19
3,574114,8
3,574115,11
3,574116,7
3,574117,7
3,574118,8
3,574310,8
3,574311,4
3,574312,2
3,574313,6
3,574314,14
3,574315,1
3,574549,3
3,574550,10
3,574551,6
3,574552,1
3,574553,7
3,574554,2
3,574555,7
3,574742,44
3,574743,48
3,574744,48
3,574745,82
3,574746,33
3,574751,1
3,574755,11
3,574756,3
3,574757,9
3,574758,2
3,574759,6
3,574760,13
3,574761,7
3,574762,25
3,574763,2
3,574764,12
3,574765,10
3,574766,8
3,574864,13
3,575052,1
3,575053,6
3,575054,6
3,575055,6
3,575056,4
3,575057,3
3,575058,6
3,575061,2
3,575065,3
3,575072,8
3,575073,5
3,575074,3
3,575075,1
3,575076,2
3,575084,3
3,575085,4
3,575086,8
3,575087,2
3,575088,2
3,575090,1
3,575091,6
3,575093,5
3,575094,1
3,575095,1
3,575096,5
3,575097,4
3,575098,3
3,575099,2
3,575101,12
3,575102,1
3,575103,27
3,575104,3
3,575105,3
3,575106,2
3,575848,3
3,575850,1
3,575851,1
3,575852,5
3,575854,3
3,575855,7
3,575858,1
3,575860,5
3,575861,3
3,575862,1
3,575863,7
3,575864,2
3,575866,2
3,575868,3
3,575871,1
3,575872,3
3,575873,5
3,575874,1
3,575875,5
3,575876,4
3,575877,3
3,575878,2
3,576393,3
3,576394,1
3,576395,1
3,576396,2
3,576397,1
3,576401,4
3,576402,6
3,576518,4
3,576519,1
3,576524,11
3,576525,2
3,576526,6
3,576748,1
4,504896,1
4,504900,3
4,504963,1
4,506142,1
4,506150,164
4,506152,42
4,506153,88
4,506154,79
4,506172,108
4,506173,127
4,506280,389
4,506527,59
4,508804,11
4,508806,17
4,508808,6
4,508809,15
4,508810,8
4,508811,13
4,508812,6
4,508813,35
4,508824,21
4,508825,29
4,508836,25
4,508839,6
4,508840,17
4,508847,1
4,508848,12
4,510292,16
4,517693,23
4,518226,1
4,518228,19
4,518243,19
4,518445,35
4,518536,7
4,518538,26
4,521426,1
4,522192,24
4,522342,23
4,522628,12
4,523309,11
4,524361,30
4,525572,1
4,526208,29
4,526307,25
4,526308,31
4,526309,13
4,526310,12
4,526584,150
4,526586,71
4,527097,21
4,527106,1
4,527495,44
4,527497,19
4,528193,19
4,528194,20
4,528201,15
4,528202,6
4,528814,31
4,528815,38
4,529488,6
4,529497,19
4,530297,126
4,530298,130
4,530299,189
4,530302,143
4,530343,68
4,530344,68
4,530345,27
4,531179,99
4,531219,47
4,531221,5
4,531222,15
4,531224,27
4,531991,6
4,532001,2
4,532008,244
4,532009,135
4,532319,9
4,532555,4
4,533051,15
4,533052,1
4,533060,8
4,533287,14
4,533289,18
4,533290,8
4,533360,26
4,533361,24
4,533401,61
4,533402,69
4,533407,25
4,533408,32
4,533683,22
4,533685,18
4,533770,101
4,533771,113
4,533991,9
4,534103,4
4,534104,23
4,535310,35
4,535858,88
4,535993,70
4,537439,4
4,538344,33
4,538603,6
4,538746,90
4,539742,7
4,540362,41
4,540363,48
4,540364,37
4,540365,13
4,540915,1
4,540916,1
4,541547,16
4,541548,18
4,541958,242
4,542463,2
4,542954,17
4,543522,3
4,543811,1
4,544024,40
4,544922,19
4,544923,15
4,544924,31
4,545187,66
4,545188,54
4,545189,96
4,545190,28
4,545191,49
4,545192,46
4,545194,66
4,545229,6
4,545230,49
4,545231,26
4,545482,17
4,545483,5
4,545784,140
4,545813,7
4,545814,18
4,545831,44
4,546258,1
4,546818,56
4,546918,16
4,547494,39
4,547495,33
4,547496,23
4,547497,21
4,547675,8
4,548243,13
4,548919,924
4,549376,1
4,549381,84
4,549382,47
4,550680,18
4,550892,25
4,550893,10
4,551008,35
4,551009,38
4,551010,17
4,552236,248
4,552237,13
4,553090,1
4,553091,6
4,553092,60
4,553093,24
4,553094,34
4,553544,2
4,553847,1
4,553853,14
4,553857,60
4,553858,70
4,554276,19
4,554289,65
4,554290,68
4,554425,1
4,554437,1
4,554439,12
4,554864,14
4,555341,14
4,555345,26
4,555347,20
4,555348,30
4,555350,27
4,555351,18
4,555355,1
4,555901,15
4,555902,20
4,555903,45
4,555904,56
4,555905,13
4,555909,52
4,555911,31
4,555912,22
4,555916,3
4,555945,144
4,556436,2
4,556564,32
4,557155,127
4,557156,7
4,557157,31
4,557159,40
4,557160,32
4,557162,22
4,557163,10
4,557438,163
4,558649,52
4,558672,1
4,558818,12
4,561861,1
4,561867,1
4,562018,25
4,562019,5
4,562021,18
4,562022,9
4,562027,14
4,562028,35
4,562030,18
4,562033,4
4,562034,18
4,562035,6
4,562036,31
4,562040,18
4,562041,16
4,562046,3
4,562256,3
4,562394,23
4,562395,17
4,562396,41
4,562401,2
4,562407,18
4,562408,15
4,562409,23
4,562790,22
4,562791,1
4,562946,38
4,562969,1
4,562979,5
4,562981,1
4,562982,2
4,562983,3
4,562989,16
4,562990,7
4,563013,51
4,563634,27
4,563824,119
4,563935,38
4,563936,93
4,563937,1
4,564051,16
4,564052,5
4,564253,24
4,564257,32
4,564260,1
4,564586,1
4,564603,1
4,564877,10
4,564878,5
4,564881,30
4,564901,10
4,565727,1
4,565732,1
4,566767,137
4,567016,1
4,567020,2
4,567101,3
4,567113,3
4,567370,32
4,567371,45
4,567373,71
4,567374,49
4,567386,2
4,567389,38
4,567391,5
4,567392,4
4,567393,5
4,567394,6
4,567395,5
4,567470,10
4,567471,11
4,567473,25
4,567474,21
4,567840,6
4,568392,4
4,568417,19
4,568422,15
4,568953,3
4,568954,2
4,568956,1
4,568957,1
4,568958,1
4,568959,21
4,568960,66
4,568961,2
4,568964,1
4,568966,1
4,568967,38
4,568971,7
4,568972,15
4,568974,28
4,568975,64
4,568976,92
4,569112,4
4,569113,25
4,569114,4
4,569115,32
4,569116,17
4,569117,27
4,569118,8
4,569124,34
4,569125,3
4,569126,4
4,569127,2
4,569129,1
4,569192,36
4,569193,36
4,569194,41
4,569211,13
4,569802,14
4,569803,47
4,570291,11
4,570292,37
4,570293,12
4,570294,4
4,570297,8
4,570598,10
4,570599,18
4,570600,5
4,570725,2
4,570726,2
4,570727,1
4,570729,1
4,570732,3
4,570734,1
4,570736,1
4,570738,1
4,570927,176
4,570928,110
4,570929,149
4,570932,47
4,570933,1
4,570934,10
4,570935,51
4,570936,16
4,570937,4
4,570938,28
4,570939,28
4,570940,20
4,570941,85
4,570942,133
4,570943,6
4,570944,17
4,570959,114
4,570961,448
4,570963,122
4,570965,51
4,570966,150
4,570967,93
4,570969,218
4,570970,108
4,570971,219
4,570972,118
4,570973,194
4,570974,22
4,570975,160
4,570976,81
4,570977,33
4,570978,153
4,570997,5
4,570998,3
4,570999,2
4,571002,1
4,571004,1
4,571005,1
4,571006,3
4,571007,1
4,571008,1
4,571018,52
4,571021,11
4,571030,16
4,571031,2
4,571032,2
4,571033,4
4,571034,3
4,571035,15
4,571036,6
4,571131,164
4,571132,19
4,571133,38
4,571134,34
4,571135,41
4,571136,28
4,571137,25
4,571138,167
4,571139,14
4,571140,25
4,571141,23
4,571156,6
4,571158,3
4,571223,150
4,571224,1
4,571225,158
4,571227,121
4,571229,33
4,571230,21
4,571231,73
4,571232,1
4,571233,1
4,571234,44
4,571235,104
4,571236,2
4,571238,33
4,571239,1
4,571240,1
4,571241,5
4,571243,19
4,571245,49
4,571247,102
4,571248,103
4,571249,63
4,571250,2
4,571252,1
4,571253,36
4,571255,2
4,571256,1
4,571257,2
4,571259,53
4,571260,18
4,571261,21
4,571265,26
4,571268,9
4,571269,21
4,571270,46
4,571271,18
4,571272,15
4,571273,52
4,571276,1
4,571277,4
4,571278,2
4,571279,1
4,571378,26
4,571379,61
4,571424,102
4,571425,78
4,571426,65
4,571427,56
4,571428,10
4,571429,10
4,571439,14
4,571440,16
4,571582,4
4,571583,2
4,571584,8
4,571585,1
4,571588,3
4,571589,1
4,571593,5
4,571594,5
4,571595,2
4,571596,1
4,571597,2
4,571598,2
4,571599,5
4,571600,1
4,571601,2
4,571602,3
4,571927,13
4,571931,10
4,571932,18
4,571933,47
4,571935,3
4,571939,38
4,571941,22
4,571942,7
4,571945,42
4,571947,30
4,571949,17
4,572023,2
4,572025,41
4,572034,44
4,572042,7
4,572044,2
4,572048,156
4,572049,1
4,572051,1
4,572053,38
4,572054,1
4,572055,30
4,572056,28
4,572057,10
4,572058,13
4,572059,8
4,572060,1
4,572061,27
4,572063,31
4,572075,4
4,572076,2
4,572077,3
4,572078,3
4,572280,8
4,572281,3
4,572282,29
4,572283,32
4,572284,7
4,572285,5
4,572286,4
4,572287,4
4,572288,5
4,572289,2
4,572291,2
4,572293,3
4,572294,1
4,572295,1
4,572296,7
4,572297,4
4,572322,22
4,572323,17
4,572324,4
4,572325,3
4,572326,3
4,572327,21
4,572368,11
4,572509,1
4,572516,28
4,572517,57
4,572518,18
4,572519,30
4,572520,81
4,572521,53
4,572523,3
4,572526,43
4,572537,1
4,572547,22
4,572548,20
4,572549,3
4,572550,29
4,572553,16
4,572577,1
4,572578,17
4,572579,22
4,572580,8
4,572911,1
4,572912,1
4,573030,15
4,573031,12
4,573032,5
4,573033,20
4,573034,6
4,573035,2
4,573036,4
4,573037,4
4,573038,7
4,573039,6
4,573324,2
4,573325,3
4,573326,6
4,573327,3
4,573328,6
4,573329,20
4,573330,6
4,573331,30
4,573332,2
4,573333,6
4,573335,7
4,573336,10
4,573337,8
4,573338,24
4,573339,3
4,573340,36
4,573341,2
4,573342,11
4,573343,18
4,573344,5
4,573345,5
4,573346,4
4,573347,4
4,573348,11
4,573494,5
4,573495,3
4,573497,2
4,573498,2
4,573499,3
4,573502,3
4,573503,3
4,573509,3
4,573556,2
4,573557,15
4,573558,2
4,573559,49
4,573560,21
4,573561,33
4,573562,6
4,573563,17
4,573564,21
4,573565,16
4,573566,9
4,573567,1
4,573570,1
4,573573,4
4,573574,3
4,573578,9
4,573579,15
4,573580,42
4,573581,48
4,573582,4
4,573583,2
4,573584,2
4,573610,3
4,573611,13
4,573612,2
4,573613,8
4,573614,5
4,573615,18
4,573616,2
4,573705,2
4,573706,3
4,573708,81
4,573709,1
4,573741,10
4,573742,19
4,573743,18
4,573744,27
4,573745,13
4,573746,25
4,573747,15
4,573748,40
4,573749,31
4,573750,14
4,573792,5
4,573793,2
4,573794,2
4,573795,2
4,573797,2
4,573798,2
4,573829,1
4,573830,6
4,573831,2
4,573832,3
4,573833,1
4,573835,1
4,573836,2
4,573837,1
4,573839,2
4,573840,1
4,574095,2
4,574096,9
4,574097,5
4,574098,23
4,574099,17
4,574100,20
4,574101,4
4,574102,15
4,574103,16
4,574104,8
4,574105,76
4,574106,102
4,574107,7
4,574108,4
4,574109,6
4,574110,3
4,574111,5
4,574112,6
4,574113,12
4,574114,8
4,574115,13
4,574116,3
4,574117,3
4,574118,4
4,574310,1
4,574311,10
4,574312,5
4,574313,2
4,574314,10
4,574315,5
4,574550,4
4,574551,1
4,574552,2
4,574553,8
4,574554,1
4,574555,4
4,574742,47
4,574743,61
4,574744,51
4,574745,52
4,574746,43
4,574750,1
4,574754,2
4,574755,17
4,574756,4
4,574757,12
4,574758,8
4,574759,7
4,574760,12
4,574761,12
4,574762,21
4,574763,3
4,574764,45
4,574765,10
4,574766,11
4,574864,24
4,575052,6
4,575053,4
4,575054,2
4,575055,1
4,575056,5
4,575057,1
4,575058,2
4,575061,3
4,575065,4
4,575066,1
4,575067,1
4,575068,1
4,575070,2
4,575072,1
4,575073,1
4,575074,3
4,575075,3
4,575084,3
4,575085,1
4,575086,4
4,575087,2
4,575088,2
4,575090,4
4,575091,5
4,575093,2
4,575096,12
4,575097,2
4,575098,3
4,575099,2
4,575101,12
4,575102,6
4,575103,28
4,575105,6
4,575106,8
4,575848,1
4,575850,3
4,575851,1
4,575852,7
4,575853,2
4,575854,1
4,575855,11
4,575858,2
4,575860,3
4,575861,6
4,575862,2
4,575863,8
4,575864,5
4,575865,1
4,575866,2
4,575868,4
4,575869,3
4,575872,2
4,575873,6
4,575875,5
4,575876,13
4,575877,2
4,575878,2
4,576393,3
4,576394,1
4,576395,2
4,576397,2
4,576400,4
4,576401,6
4,576402,3
4,576514,2
4,576515,2
4,576516,12
4,576518,21
4,576519,9
4,576520,7
4,576523,5
4,576524,5
4,576525,3
4,576526,10
4,576745,1
4,576852,7
4,576855,3
4,576857,2
4,576858,1
4,576859,1
4,576860,1
4,576861,7
4,576862,13
4,576863,9
4,576864,7
4,576865,3
4,576866,1
4,576867,6
4,576868,16
4,576869,6
4,576871,14
4,576872,1
4,576873,10
4,576874,2
4,576876,1
4,576878,4
4,576879,1
4,576880,9
4,576881,2
4,576882,14
4,576883,24
4,576884,1
4,576885,1
4,576886,8
4,576887,19
4,576888,1
4,576889,10
4,576890,14
4,576892,4
4,576893,32
4,576894,7
4,576895,3
4,576896,6
4,576897,30
4,576898,3
4,576899,17
5,504896,3
5,504963,4
5,506150,176
5,506152,42
5,506153,72
5,506154,65
5,506172,105
5,506173,143
5,506280,403
5,506527,69
5,508804,19
5,508806,18
5,508808,3
5,508809,9
5,508810,10
5,508811,16
5,508812,8
5,508813,12
5,508824,14
5,508825,45
5,508836,32
5,508839,14
5,508840,17
5,508848,7
5,510292,14
5,517693,33
5,518228,29
5,518243,24
5,518445,35
5,518536,7
5,518538,18
5,521426,1
5,522192,15
5,522342,19
5,522628,12
5,523309,15
5,524361,35
5,526208,50
5,526307,21
5,526308,35
5,526309,10
5,526310,15
5,526584,160
5,526586,46
5,527097,16
5,527495,52
5,527497,19
5,528193,27
5,528194,14
5,528201,10
5,528202,19
5,528814,22
5,528815,28
5,529488,8
5,529497,70
5,530297,126
5,530298,132
5,530299,154
5,530302,136
5,530343,72
5,530344,85
5,530345,27
5,531179,76
5,531219,35
5,531221,12
5,531222,13
5,531224,28
5,531991,3
5,532008,248
5,532009,98
5,532319,10
5,532555,3
5,533051,24
5,533052,5
5,533060,8
5,533287,20
5,533289,15
5,533290,10
5,533360,22
5,533361,34
5,533401,52
5,533402,71
5,533407,28
5,533408,28
5,533683,23
5,533685,24
5,533770,131
5,533771,85
5,533935,2
5,533991,7
5,534103,1
5,534104,15
5,535310,42
5,535858,58
5,535993,50
5,537439,7
5,538344,23
5,538603,8
5,538746,70
5,539742,14
5,540362,39
5,540363,45
5,540364,36
5,540365,20
5,541547,18
5,541548,17
5,541958,216
5,542954,15
5,543522,6
5,544024,40
5,544922,34
5,544923,29
5,544924,31
5,545187,75
5,545188,53
5,545189,63
5,545190,36
5,545191,42
5,545192,43
5,545194,67
5,545229,4
5,545230,69
5,545231,43
5,545482,15
5,545483,6
5,545784,122
5,545813,22
5,545814,26
5,545831,37
5,546258,1
5,546818,60
5,546918,14
5,547494,56
5,547495,30
5,547496,24
5,547497,27
5,547675,12
5,548243,17
5,548919,699
5,549376,1
5,549381,73
5,549382,48
5,550680,18
5,550892,21
5,550893,4
5,551008,32
5,551009,41
5,551010,14
5,551802,2
5,552233,1
5,552236,247
5,552237,5
5,552628,1
5,553091,8
5,553092,40
5,553093,18
5,553094,25
5,553544,2
5,553853,22
5,553857,54
5,553858,78
5,554118,1
5,554276,28
5,554289,60
5,554290,71
5,554425,1
5,554437,2
5,554439,14
5,554864,5
5,555341,15
5,555345,29
5,555347,21
5,555348,17
5,555350,22
5,555351,13
5,555901,11
5,555902,21
5,555903,36
5,555904,40
5,555905,5
5,555909,44
5,555911,18
5,555912,11
5,555916,3
5,555930,1
5,555945,119
5,556435,2
5,556436,1
5,556563,15
5,556564,39
5,557155,88
5,557156,9
5,557157,37
5,557158,1
5,557159,54
5,557160,23
5,557162,16
5,557163,8
5,557438,164
5,558649,36
5,558672,2
5,558818,14
5,561861,1
5,561866,1
5,562018,27
5,562019,3
5,562021,20
5,562022,4
5,562027,7
5,562028,27
5,562030,17
5,562033,6
5,562034,26
5,562035,5
5,562036,19
5,562040,22
5,562041,13
5,562046,5
5,562256,2
5,562394,14
5,562395,3
5,562396,35
5,562400,1
5,562401,4
5,562407,16
5,562408,10
5,562409,19
5,562790,15
5,562791,2
5,562946,50
5,562979,6
5,562982,1
5,562983,9
5,562989,7
5,562990,5
5,563013,47
5,563634,23
5,563824,128
5,563935,28
5,563936,53
5,563937,3
5,564051,13
5,564052,6
5,564253,12
5,564257,21
5,564584,1
5,564585,1
5,564587,2
5,564589,1
5,564876,1
5,564877,2
5,564878,6
5,564881,10
5,564884,1
5,564901,9
5,565727,4
5,565732,1
5,566767,70
5,567113,2
5,567370,32
5,567371,41
5,567373,71
5,567374,23
5,567389,71
5,567391,5
5,567392,7
5,567393,15
5,567394,6
5,567395,16
5,567470,7
5,567471,18
5,567473,40
5,567474,9
5,567840,7
5,568392,10
5,568417,14
5,568422,23
5,568953,22
5,568954,12
5,568956,4
5,568957,2
5,568959,12
5,568960,47
5,568967,33
5,568968,3
5,568971,25
5,568972,26
5,568974,16
5,568975,49
5,568976,143
5,569112,6
5,569113,16
5,569114,3
5,569115,31
5,569116,24
5,569117,36
5,569118,9
5,569124,37
5,569125,1
5,569126,2
5,569192,12
5,569193,47
5,569194,43
5,569211,26
5,569802,9
5,569803,63
5,570291,10
5,570292,60
5,570293,9
5,570294,1
5,570297,7
5,570598,5
5,570599,16
5,570600,13
5,570726,2
5,570727,2
5,570728,2
5,570729,3
5,570730,1
5,570732,1
5,570733,1
5,570734,2
5,570735,3
5,570736,2
5,570738,1
5,570927,243
5,570928,165
5,570929,151
5,570932,20
5,570933,3
5,570934,20
5,570935,71
5,570936,11
5,570937,4
5,570938,15
5,570939,31
5,570940,16
5,570941,97
5,570942,152
5,570943,6
5,570944,18
5,570959,73
5,570961,507
5,570963,120
5,570965,52
5,570966,143
5,570967,96
5,570969,260
5,570970,103
5,570971,173
5,570972,147
5,570973,177
5,570974,5
5,570975,159
5,570976,83
5,570977,50
5,570978,130
5,570997,6
5,570998,8
5,570999,3
5,571000,1
5,571002,9
5,571003,2
5,571005,8
5,571006,3
5,571008,13
5,571018,59
5,571021,9
5,571026,1
5,571029,1
5,571030,14
5,571031,6
5,571032,5
5,571033,4
5,571034,9
5,571035,20
5,571036,5
5,571131,190
5,571132,18
5,571133,42
5,571134,31
5,571135,66
5,571136,21
5,571137,26
5,571138,187
5,571139,24
5,571140,17
5,571141,9
5,571156,7
5,571223,160
5,571224,4
5,571225,183
5,571226,3
5,571227,154
5,571229,37
5,571230,28
5,571231,82
5,571232,2
5,571234,54
5,571235,117
5,571236,2
5,571238,31
5,571240,1
5,571241,4
5,571242,1
5,571243,20
5,571245,41
5,571246,3
5,571247,120
5,571248,117
5,571249,53
5,571250,1
5,571251,2
5,571252,2
5,571253,41
5,571254,2
5,571255,2
5,571257,6
5,571258,2
5,571259,78
5,571260,14
5,571261,21
5,571262,2
5,571263,4
5,571264,1
5,571265,35
5,571268,9
5,571269,16
5,571270,41
5,571271,12
5,571272,14
5,571273,43
5,571276,1
5,571277,2
5,571278,5
5,571279,1
5,571378,19
5,571379,57
5,571424,134
5,571425,22
5,571426,36
5,571427,32
5,571428,11
5,571429,11
5,571439,21
5,571440,32
5,571441,1
5,571583,1
5,571584,4
5,571585,2
5,571586,1
5,571588,1
5,571589,3
5,571593,3
5,571594,3
5,571595,1
5,571596,3
5,571597,1
5,571599,3
5,571600,1
5,571601,3
5,571602,1
5,571927,6
5,571931,15
5,571932,22
5,571933,26
5,571935,3
5,571939,22
5,571941,15
5,571942,6
5,571945,20
5,571947,31
5,571949,22
5,572025,35
5,572034,39
5,572042,1
5,572044,2
5,572048,94
5,572049,1
5,572053,24
5,572055,26
5,572056,29
5,572057,11
5,572058,8
5,572059,5
5,572061,20
5,572063,36
5,572075,6
5,572077,2
5,572280,6
5,572281,2
5,572282,28
5,572283,18
5,572284,4
5,572285,7
5,572286,1
5,572287,1
5,572288,1
5,572291,3
5,572292,2
5,572293,3
5,572294,2
5,572296,3
5,572297,1
5,572298,1
5,572322,15
5,572323,19
5,572324,4
5,572325,3
5,572326,4
5,572327,23
5,572368,4
5,572514,1
5,572516,28
5,572517,41
5,572518,20
5,572519,43
5,572520,90
5,572521,53
5,572526,36
5,572542,2
5,572543,3
5,572545,1
5,572547,25
5,572548,13
5,572549,1
5,572550,36
5,572551,1
5,572553,23
5,572577,1
5,572578,28
5,572579,29
5,572580,16
5,573030,1
5,573031,18
5,573032,8
5,573033,22
5,573034,7
5,573035,1
5,573036,5
5,573037,4
5,573038,3
5,573039,3
5,573324,4
5,573325,6
5,573326,6
5,573327,7
5,573328,4
5,573329,14
5,573330,3
5,573331,21
5,573332,2
5,573333,2
5,573334,2
5,573335,13
5,573336,4
5,573337,1
5,573338,18
5,573339,5
5,573340,29
5,573341,5
5,573342,18
5,573343,18
5,573344,8
5,573345,6
5,573346,7
5,573347,4
5,573348,16
5,573494,3
5,573495,2
5,573496,2
5,573497,1
5,573498,1
5,573502,6
5,573503,2
5,573556,2
5,573557,17
5,573558,4
5,573559,43
5,573560,18
5,573561,31
5,573562,11
5,573563,18
5,573564,26
5,573565,16
5,573566,9
5,573567,1
5,573573,2
5,573574,3
5,573578,20
5,573579,16
5,573580,30
5,573581,44
5,573582,2
5,573584,6
5,573610,3
5,573611,14
5,573612,6
5,573613,2
5,573614,9
5,573615,15
5,573616,6
5,573617,2
5,573703,1
5,573706,1
5,573707,1
5,573708,44
5,573709,2
5,573741,22
5,573742,16
5,573743,24
5,573744,39
5,573745,9
5,573746,33
5,573747,20
5,573748,45
5,573749,39
5,573750,22
5,573792,1
5,573793,6
5,573794,9
5,573795,2
5,573829,2
5,573830,6
5,573831,6
5,573832,5
5,573833,1
5,573835,1
5,573836,2
5,573837,2
5,573838,1
5,573840,2
5,574095,7
5,574096,12
5,574097,18
5,574098,38
5,574099,28
5,574100,17
5,574101,6
5,574102,32
5,574103,29
5,574104,4
5,574105,92
5,574106,107
5,574107,8
5,574108,9
5,574109,14
5,574110,6
5,574111,9
5,574112,6
5,574113,21
5,574114,10
5,574115,17
5,574116,5
5,574117,12
5,574118,12
5,574310,7
5,574311,14
5,574312,7
5,574313,6
5,574314,7
5,574315,15
5,574549,4
5,574550,7
5,574551,3
5,574553,19
5,574554,13
5,574555,25
5,574742,54
5,574743,62
5,574744,67
5,574745,111
5,574746,51
5,574750,1
5,574753,3
5,574754,4
5,574755,22
5,574756,8
5,574757,12
5,574758,5
5,574759,5
5,574760,11
5,574761,4
5,574762,12
5,574763,1
5,574764,31
5,574765,9
5,574766,7
5,574864,28
5,575053,6
5,575054,5
5,575055,6
5,575056,3
5,575057,1
5,575058,2
5,575061,3
5,575065,7
5,575068,1
5,575070,1
5,575071,3
5,575072,4
5,575073,7
5,575074,3
5,575075,6
5,575076,2
5,575084,6
5,575085,4
5,575086,3
5,575087,5
5,575088,3
5,575090,3
5,575091,4
5,575092,1
5,575093,4
5,575094,3
5,575095,2
5,575096,5
5,575097,6
5,575098,3
5,575099,2
5,575100,1
5,575101,8
5,575102,5
5,575103,24
5,575104,7
5,575105,9
5,575106,13
5,575848,7
5,575850,4
5,575851,1
5,575852,5
5,575853,2
5,575854,4
5,575855,13
5,575860,5
5,575861,6
5,575862,2
5,575863,6
5,575864,1
5,575866,3
5,575867,2
5,575868,9
5,575871,2
5,575872,1
5,575873,5
5,575874,3
5,575875,8
5,575876,11
5,575877,2
5,575878,2
5,576393,5
5,576394,5
5,576395,1
5,576396,2
5,576397,2
5,576400,7
5,576401,11
5,576402,13
5,576514,14
5,576515,1
5,576516,6
5,576517,1
5,576518,28
5,576519,4
5,576520,18
5,576523,1
5,576524,7
5,576525,4
5,576526,11
5,576747,1
5,576749,2
5,576750,2
5,576852,4
5,576854,1
5,576855,1
5,576858,4
5,576859,2
5,576861,10
5,576862,14
5,576863,10
5,576864,7
5,576865,3
5,576866,6
5,576867,11
5,576868,5
5,576869,8
5,576871,6
5,576872,10
5,576873,12
5,576874,2
5,576875,1
5,576876,2
5,576877,6
5,576878,5
5,576879,1
5,576880,9
5,576881,3
5,576882,19
5,576883,16
5,576884,2
5,576885,1
5,576886,5
5,576887,16
5,576888,4
5,576889,7
5,576890,34
5,576891,2
5,576892,18
5,576893,22
5,576894,7
5,576895,2
5,576896,10
5,576897,34
5,576898,3
5,576899,23
5,576919,2
6,504963,1
6,506150,135
6,506151,1
6,506152,30
6,506153,57
6,506154,54
6,506172,111
6,506173,117
6,506280,342
6,506527,102
6,508804,8
6,508806,7
6,508808,2
6,508809,3
6,508810,2
6,508811,13
6,508812,12
6,508813,22
6,508824,20
6,508825,49
6,508836,27
6,508839,10
6,508840,14
6,508848,12
6,510292,8
6,517693,36
6,518228,26
6,518243,11
6,518445,32
6,518536,6
6,518538,23
6,521426,3
6,522192,22
6,522342,27
6,522628,7
6,523309,4
6,524361,36
6,526208,42
6,526307,14
6,526308,40
6,526309,6
6,526310,9
6,526584,133
6,526586,50
6,527097,21
6,527494,1
6,527495,32
6,527497,14
6,528193,12
6,528194,11
6,528201,10
6,528202,6
6,528814,21
6,528815,33
6,529488,10
6,529497,41
6,530297,119
6,530298,93
6,530299,118
6,530302,112
6,530343,65
6,530344,56
6,530345,16
6,531179,47
6,531219,29
6,531221,6
6,531222,10
6,531224,34
6,531991,8
6,532008,156
6,532009,63
6,532319,3
6,532555,8
6,533051,15
6,533052,1
6,533060,5
6,533287,15
6,533289,9
6,533290,6
6,533360,14
6,533361,27
6,533401,36
6,533402,36
6,533407,12
6,533408,10
6,533683,35
6,533685,22
6,533770,106
6,533771,79
6,533991,14
6,534103,3
6,534104,11
6,534276,1
6,535310,34
6,535858,63
6,535993,47
6,537439,7
6,537684,1
6,538344,25
6,538603,6
6,538746,49
6,539742,8
6,540362,31
6,540363,31
6,540364,27
6,540365,15
6,541547,11
6,541548,11
6,541958,155
6,542954,6
6,543522,2
6,544024,30
6,544922,36
6,544923,26
6,544924,29
6,545187,63
6,545188,36
6,545189,54
6,545190,20
6,545191,43
6,545192,43
6,545194,41
6,545229,9
6,545230,67
6,545231,33
6,545482,13
6,545483,3
6,545784,77
6,545813,10
6,545814,14
6,545831,14
6,546818,44
6,546918,5
6,547494,40
6,547495,19
6,547496,16
6,547497,11
6,547675,11
6,548243,13
6,548919,708
6,549376,1
6,549381,61
6,549382,30
6,550680,7
6,550892,31
6,550893,1
6,551008,30
6,551009,38
6,551010,12
6,552236,181
6,552237,8
6,552621,2
6,553091,2
6,553092,58
6,553093,22
6,553094,37
6,553544,1
6,553836,2
6,553853,16
6,553857,53
6,553858,57
6,554275,1
6,554276,25
6,554289,27
6,554290,40
6,554439,5
6,554864,8
6,555341,20
6,555345,42
6,555347,21
6,555348,28
6,555350,24
6,555351,15
6,555358,1
6,555901,7
6,555902,14
6,555903,26
6,555904,28
6,555909,42
6,555911,11
6,555912,7
6,555916,5
6,555945,80
6,555948,1
6,556435,1
6,556436,1
6,556563,37
6,556564,31
6,557155,49
6,557156,38
6,557157,18
6,557159,30
6,557160,11
6,557162,19
6,557163,3
6,557438,141
6,558649,30
6,558679,1
6,558815,1
6,558818,11
6,561865,1
6,561866,1
6,562018,22
6,562019,4
6,562021,9
6,562022,2
6,562027,4
6,562028,15
6,562030,15
6,562033,3
6,562034,11
6,562035,5
6,562036,24
6,562040,11
6,562041,11
6,562394,23
6,562395,6
6,562396,28
6,562401,2
6,562407,10
6,562408,11
6,562409,21
6,562790,13
6,562791,3
6,562946,48
6,562979,2
6,562981,1
6,562983,1
6,562989,2
6,562990,4
6,563013,58
6,563634,18
6,563824,100
6,563935,5
6,563936,73
6,563937,1
6,564051,10
6,564052,3
6,564253,2
6,564257,93
6,564584,1
6,564587,1
6,564877,2
6,564881,11
6,564901,12
6,565729,2
6,565732,2
6,566767,67
6,567016,2
6,567101,1
6,567113,5
6,567370,17
6,567371,21
6,567373,35
6,567374,42
6,567389,48
6,567391,6
6,567392,3
6,567393,10
6,567394,4
6,567395,8
6,567468,13
6,567469,12
6,567470,6
6,567471,17
6,567473,19
6,567474,15
6,567840,6
6,568392,8
6,568417,8
6,568422,10
6,568949,1
6,568953,14
6,568954,11
6,568957,2
6,568959,12
6,568960,44
6,568965,1
6,568967,36
6,568968,2
6,568971,18
6,568972,16
6,568974,16
6,568975,52
6,568976,217
6,569112,1
6,569113,13
6,569114,1
6,569115,17
6,569116,7
6,569117,21
6,569118,1
6,569124,36
6,569192,9
6,569193,52
6,569194,27
6,569211,24
6,569802,12
6,569803,55
6,569804,1
6,570291,10
6,570292,54
6,570293,4
6,570294,1
6,570297,8
6,570598,6
6,570599,23
6,570600,8
6,570727,1
6,570732,3
6,570734,2
6,570735,2
6,570927,181
6,570928,142
6,570929,115
6,570932,17
6,570933,1
6,570934,7
6,570935,32
6,570936,1
6,570937,2
6,570938,4
6,570939,32
6,570940,41
6,570941,78
6,570942,128
6,570943,62
6,570944,23
6,570959,91
6,570961,481
6,570963,128
6,570965,29
6,570966,151
6,570967,103
6,570969,223
6,570970,71
6,570971,129
6,570972,124
6,570973,166
6,570974,10
6,570975,141
6,570976,67
6,570977,78
6,570978,148
6,570997,2
6,570998,3
6,570999,9
6,571002,5
6,571003,2
6,571004,3
6,571006,3
6,571008,9
6,571018,34
6,571021,12
6,571030,28
6,571031,8
6,571032,8
6,571033,4
6,571034,14
6,571035,10
6,571036,3
6,571131,192
6,571132,18
6,571133,42
6,571134,22
6,571135,29
6,571136,19
6,571137,13
6,571138,158
6,571139,18
6,571140,19
6,571141,41
6,571156,1
6,571158,1
6,571223,151
6,571224,6
6,571225,133
6,571226,4
6,571227,119
6,571228,4
6,571229,38
6,571230,33
6,571231,84
6,571232,1
6,571233,1
6,571234,46
6,571235,151
6,571238,40
6,571239,2
6,571241,7
6,571242,3
6,571243,10
6,571245,41
6,571246,2
6,571247,67
6,571248,46
6,571249,62
6,571250,4
6,571251,2
6,571252,4
6,571253,54
6,571254,4
6,571255,6
6,571257,5
6,571258,1
6,571259,42
6,571260,16
6,571261,13
6,571262,5
6,571263,3
6,571264,3
6,571265,39
6,571268,6
6,571269,20
6,571270,27
6,571271,4
6,571272,17
6,571273,20
6,571277,5
6,571278,3
6,571279,1
6,571378,28
6,571379,75
6,571424,121
6,571425,31
6,571426,36
6,571427,32
6,571428,7
6,571429,5
6,571439,23
6,571440,53
6,571582,1
6,571583,1
6,571585,2
6,571588,1
6,571589,1
6,571594,3
6,571596,1
6,571598,1
6,571599,1
6,571927,7
6,571931,17
6,571932,20
6,571933,37
6,571935,4
6,571939,22
6,571941,11
6,571942,7
6,571945,11
6,571947,15
6,571949,15
6,572023,1
6,572025,20
6,572034,22
6,572042,1
6,572044,1
6,572048,18
6,572053,20
6,572055,20
6,572056,27
6,572057,8
6,572058,5
6,572059,3
6,572061,24
6,572063,24
6,572065,2
6,572075,3
6,572076,2
6,572077,2
6,572078,1
6,572280,4
6,572281,1
6,572282,16
6,572283,8
6,572284,1
6,572285,7
6,572286,3
6,572287,2
6,572288,2
6,572289,2
6,572291,2
6,572292,1
6,572293,3
6,572294,1
6,572295,1
6,572296,2
6,572298,1
6,572322,10
6,572323,5
6,572324,5
6,572325,1
6,572326,6
6,572327,20
6,572368,1
6,572516,22
6,572517,37
6,572518,11
6,572519,23
6,572520,59
6,572521,24
6,572526,33
6,572542,2
6,572543,1
6,572546,1
6,572547,36
6,572548,18
6,572550,33
6,572551,1
6,572553,12
6,572578,14
6,572579,19
6,572580,6
6,573030,1
6,573031,15
6,573032,5
6,573033,9
6,573034,3
6,573035,2
6,573036,1
6,573037,2
6,573038,1
6,573039,3
6,573324,1
6,573325,2
6,573326,1
6,573327,2
6,573328,4
6,573329,10
6,573330,4
6,573331,14
6,573333,2
6,573335,14
6,573336,4
6,573338,19
6,573339,1
6,573340,28
6,573341,2
6,573342,12
6,573343,17
6,573344,5
6,573345,2
6,573346,3
6,573347,7
6,573348,14
6,573496,1
6,573556,4
6,573557,11
6,573558,2
6,573559,27
6,573560,12
6,573561,17
6,573562,3
6,573563,7
6,573564,24
6,573565,10
6,573566,6
6,573567,2
6,573569,1
6,573570,1
6,573573,1
6,573574,2
6,573578,7
6,573579,7
6,573580,24
6,573581,27
6,573582,4
6,573583,2
6,573584,3
6,573611,7
6,573612,4
6,573613,6
6,573614,7
6,573615,7
6,573616,7
6,573617,6
6,573708,9
6,573709,2
6,573741,10
6,573742,8
6,573743,10
6,573744,15
6,573745,6
6,573746,12
6,573747,12
6,573748,66
6,573749,30
6,573750,11
6,573792,5
6,573793,2
6,573794,2
6,573795,3
6,573797,2
6,573829,2
6,573830,7
6,573831,1
6,573832,3
6,573833,1
6,573836,6
6,573837,3
6,573840,2
6,574095,10
6,574096,7
6,574097,11
6,574098,34
6,574099,18
6,574100,14
6,574101,6
6,574102,14
6,574103,10
6,574104,1
6,574105,25
6,574106,31
6,574107,1
6,574108,7
6,574109,6
6,574110,3
6,574111,6
6,574112,5
6,574113,7
6,574114,4
6,574115,13
6,574116,2
6,574117,6
6,574118,5
6,574310,5
6,574311,3
6,574312,3
6,574313,3
6,574314,5
6,574315,7
6,574549,4
6,574550,6
6,574551,2
6,574552,5
6,574553,17
6,574554,9
6,574555,21
6,574742,43
6,574743,67
6,574744,61
6,574745,96
6,574746,55
6,574750,1
6,574752,2
6,574753,1
6,574755,10
6,574756,3
6,574757,10
6,574758,4
6,574759,2
6,574760,7
6,574761,4
6,574762,16
6,574763,6
6,574764,28
6,574766,3
6,574864,19
6,575052,9
6,575053,7
6,575054,1
6,575055,3
6,575056,2
6,575057,3
6,575058,6
6,575061,1
6,575065,4
6,575066,1
6,575067,1
6,575068,1
6,575069,2
6,575070,2
6,575071,2
6,575072,4
6,575073,8
6,575074,2
6,575075,4
6,575076,26
6,575084,7
6,575085,2
6,575086,12
6,575088,2
6,575090,2
6,575091,3
6,575092,3
6,575093,4
6,575094,2
6,575095,3
6,575096,1
6,575097,3
6,575098,3
6,575099,4
6,575100,5
6,575101,2
6,575102,2
6,575103,18
6,575104,1
6,575105,4
6,575106,3
6,575848,5
6,575850,2
6,575851,5
6,575852,5
6,575853,4
6,575854,2
6,575855,10
6,575860,10
6,575861,3
6,575862,1
6,575863,5
6,575864,2
6,575865,1
6,575866,7
6,575867,1
6,575868,8
6,575869,2
6,575871,4
6,575872,4
6,575873,1
6,575874,3
6,575875,4
6,575876,11
6,575877,3
6,575878,1
6,576393,5
6,576394,2
6,576395,2
6,576396,2
6,576397,1
6,576400,1
6,576401,7
6,576402,1
6,576514,13
6,576516,7
6,576517,2
6,576518,25
6,576519,7
6,576520,15
6,576523,11
6,576524,8
6,576525,4
6,576526,8
6,576742,1
6,576748,1
6,576749,1
6,576750,1
6,576852,7
6,576855,9
6,576856,1
6,576857,3
6,576859,1
6,576860,1
6,576861,13
6,576862,10
6,576863,3
6,576864,13
6,576865,10
6,576866,4
6,576867,20
6,576868,3
6,576869,20
6,576870,1
6,576871,19
6,576872,19
6,576875,2
6,576876,14
6,576877,11
6,576879,3
6,576880,15
6,576881,2
6,576882,19
6,576883,16
6,576884,1
6,576885,1
6,576886,9
6,576887,9
6,576888,10
6,576889,8
6,576890,8
6,576891,3
6,576892,22
6,576893,7
6,576894,13
6,576895,1
6,576896,7
6,576897,30
6,576898,7
6,576899,23
6,576919,1
6,576939,2
6,576943,4
6,576948,3
6,576985,2
6,576986,6
6,577169,4
7,504963,4
7,506150,144
7,506152,31
7,506153,55
7,506154,58
7,506172,177
7,506173,198
7,506280,341
7,506527,83
7,508804,13
7,508806,4
7,508808,7
7,508809,5
7,508810,1
7,508811,14
7,508812,7
7,508813,45
7,508824,22
7,508825,39
7,508836,16
7,508839,11
7,508840,14
7,508848,7
7,510292,19
7,517693,20
7,518228,28
7,518243,16
7,518445,30
7,518536,1
7,518538,100
7,522192,30
7,522342,26
7,522628,10
7,523309,3
7,524361,17
7,526208,42
7,526307,13
7,526308,30
7,526309,9
7,526310,16
7,526584,113
7,526586,46
7,527097,20
7,527495,29
7,527497,10
7,528193,24
7,528194,12
7,528201,3
7,528202,16
7,528814,21
7,528815,66
7,529488,2
7,529497,17
7,530297,143
7,530298,125
7,530299,152
7,530302,156
7,530343,85
7,530344,64
7,530345,19
7,531179,59
7,531219,43
7,531221,3
7,531222,5
7,531224,31
7,531991,9
7,531992,2
7,532008,183
7,532009,67
7,532319,6
7,532555,6
7,533051,12
7,533052,4
7,533060,5
7,533287,16
7,533289,6
7,533290,11
7,533360,18
7,533361,14
7,533401,46
7,533402,81
7,533407,22
7,533408,17
7,533683,40
7,533685,25
7,533770,118
7,533771,79
7,533991,28
7,534103,2
7,534104,15
7,535310,44
7,535858,72
7,535993,52
7,537439,7
7,538344,25
7,538603,2
7,538746,68
7,538968,1
7,539742,15
7,540362,33
7,540363,33
7,540364,22
7,540365,7
7,541547,17
7,541548,12
7,541958,172
7,542954,8
7,543522,10
7,544024,22
7,544922,49
7,544923,21
7,544924,41
7,545187,63
7,545188,52
7,545189,45
7,545190,8
7,545191,25
7,545192,20
7,545194,32
7,545229,16
7,545230,60
7,545231,31
7,545482,7
7,545483,4
7,545784,75
7,545813,11
7,545814,15
7,545831,16
7,546818,34
7,546918,9
7,547494,42
7,547495,23
7,547496,19
7,547497,18
7,547675,9
7,548243,9
7,548919,794
7,549381,48
7,549382,31
7,550680,5
7,550892,16
7,550893,1
7,551008,24
7,551009,29
7,551010,8
7,552236,223
7,552237,8
7,552621,1
7,553091,1
7,553092,94
7,553093,17
7,553094,34
7,553819,1
7,553830,1
7,553853,27
7,553857,39
7,553858,68
7,554276,12
7,554289,43
7,554290,45
7,554439,7
7,554864,9
7,555341,8
7,555345,21
7,555347,33
7,555348,30
7,555350,26
7,555351,18
7,555901,8
7,555902,11
7,555903,29
7,555904,33
7,555905,2
7,555909,36
7,555911,24
7,555912,11
7,555916,18
7,555932,1
7,555945,201
7,556432,1
7,556563,22
7,556564,22
7,557155,116
7,557156,33
7,557157,32
7,557159,51
7,557160,23
7,557162,8
7,557163,5
7,557438,135
7,557468,1
7,558649,28
7,558818,4
7,559144,1
7,561863,2
7,561867,1
7,562018,11
7,562021,17
7,562022,3
7,562027,6
7,562028,22
7,562030,9
7,562033,3
7,562034,21
7,562035,1
7,562036,12
7,562040,18
7,562041,7
7,562046,2
7,562255,1
7,562256,1
7,562394,17
7,562395,9
7,562396,27
7,562400,2
7,562401,2
7,562407,6
7,562408,10
7,562409,13
7,562790,12
7,562946,42
7,562982,1
7,562983,1
7,562989,4
7,562990,4
7,563013,45
7,563634,14
7,563824,109
7,563935,3
7,563936,108
7,563937,1
7,564051,10
7,564052,2
7,564253,3
7,564257,132
7,564586,1
7,564589,1
7,564877,3
7,564878,3
7,564881,35
7,564901,8
7,565729,1
7,565731,1
7,565732,2
7,566767,94
7,567016,1
7,567101,1
7,567113,1
7,567370,21
7,567371,20
7,567372,22
7,567373,34
7,567374,36
7,567389,40
7,567391,9
7,567392,7
7,567393,11
7,567394,3
7,567395,4
7,567468,6
7,567469,11
7,567470,13
7,567471,10
7,567473,34
7,567474,12
7,567840,3
7,568392,6
7,568417,9
7,568422,9
7,568953,16
7,568954,7
7,568956,2
7,568957,5
7,568959,4
7,568960,53
7,568961,5
7,568965,1
7,568967,31
7,568968,1
7,568969,1
7,568971,25
7,568972,16
7,568974,83
7,568975,81
7,568976,289
7,569113,5
7,569114,3
7,569115,10
7,569116,4
7,569117,24
7,569118,4
7,569124,20
7,569126,1
7,569192,11
7,569193,65
7,569194,40
7,569211,22
7,569802,29
7,569803,49
7,570291,12
7,570292,72
7,570293,2
7,570294,1
7,570297,2
7,570597,1
7,570598,8
7,570599,23
7,570600,13
7,570726,1
7,570727,2
7,570728,1
7,570729,5
7,570730,1
7,570731,2
7,570732,4
7,570734,1
7,570735,7
7,570927,216
7,570928,179
7,570929,131
7,570932,6
7,570933,3
7,570934,1
7,570935,6
7,570936,1
7,570937,4
7,570938,4
7,570939,40
7,570940,62
7,570941,86
7,570942,120
7,570943,96
7,570944,15
7,570959,67
7,570961,397
7,570963,130
7,570965,32
7,570966,148
7,570967,103
7,570969,209
7,570970,104
7,570971,138
7,570972,117
7,570973,156
7,570974,60
7,570975,157
7,570976,58
7,570977,68
7,570978,137
7,570997,8
7,570998,6
7,570999,8
7,571000,2
7,571002,7
7,571003,1
7,571004,1
7,571005,5
7,571006,7
7,571008,8
7,571018,38
7,571021,15
7,571030,20
7,571031,6
7,571032,7
7,571033,3
7,571034,11
7,571035,6
7,571036,2
7,571131,173
7,571132,23
7,571133,31
7,571134,26
7,571135,28
7,571136,43
7,571137,23
7,571138,163
7,571139,28
7,571140,16
7,571141,77
7,571156,1
7,571223,130
7,571224,6
7,571225,143
7,571226,2
7,571227,89
7,571228,1
7,571229,27
7,571230,9
7,571231,69
7,571232,1
7,571234,27
7,571235,103
7,571236,1
7,571238,24
7,571239,2
7,571240,1
7,571241,5
7,571242,1
7,571243,4
7,571245,31
7,571246,3
7,571247,22
7,571248,92
7,571249,35
7,571250,1
7,571251,2
7,571252,2
7,571253,26
7,571257,2
7,571258,1
7,571259,83
7,571260,8
7,571261,2
7,571262,2
7,571263,1
7,571265,21
7,571268,8
7,571269,18
7,571270,28
7,571271,12
7,571272,11
7,571273,20
7,571278,2
7,571378,31
7,571379,87
7,571424,137
7,571425,51
7,571426,54
7,571427,26
7,571428,11
7,571429,6
7,571439,11
7,571440,42
7,571582,5
7,571583,2
7,571584,3
7,571585,4
7,571586,3
7,571588,8
7,571589,3
7,571599,1
7,571927,14
7,571931,8
7,571932,23
7,571933,34
7,571935,1
7,571939,29
7,571941,14
7,571945,18
7,571947,31
7,571949,10
7,572025,25
7,572034,28
7,572042,1
7,572044,2
7,572048,15
7,572053,29
7,572055,20
7,572056,38
7,572057,5
7,572058,5
7,572059,2
7,572061,16
7,572063,21
7,572075,3
7,572076,2
7,572077,3
7,572078,1
7,572280,6
7,572282,32
7,572283,17
7,572284,2
7,572285,5
7,572286,1
7,572287,1
7,572288,5
7,572289,3
7,572290,2
7,572291,1
7,572292,2
7,572293,1
7,572294,6
7,572296,5
7,572298,1
7,572322,6
7,572323,5
7,572324,1
7,572325,4
7,572326,1
7,572327,14
7,572368,2
7,572516,18
7,572517,33
7,572518,8
7,572519,34
7,572520,79
7,572521,29
7,572526,23
7,572543,3
7,572546,1
7,572547,32
7,572548,23
7,572550,28
7,572553,5
7,572578,25
7,572579,23
7,572580,8
7,573030,28
7,573031,7
7,573032,1
7,573033,26
7,573034,1
7,573036,1
7,573037,3
7,573038,2
7,573039,2
7,573324,3
7,573325,1
7,573326,1
7,573327,2
7,573328,2
7,573329,14
7,573330,4
7,573331,24
7,573332,2
7,573333,5
7,573335,8
7,573336,4
7,573337,4
7,573338,32
7,573339,2
7,573340,30
7,573341,2
7,573342,10
7,573343,9
7,573344,5
7,573345,5
7,573346,4
7,573347,2
7,573348,14
7,573498,1
7,573499,1
7,573502,1
7,573503,3
7,573509,1
7,573511,1
7,573556,3
7,573557,3
7,573558,1
7,573559,49
7,573560,10
7,573561,19
7,573562,3
7,573563,9
7,573564,23
7,573565,18
7,573566,5
7,573567,2
7,573574,1
7,573578,5
7,573579,12
7,573580,22
7,573581,16
7,573582,2
7,573583,2
7,573584,8
7,573585,1
7,573610,1
7,573611,11
7,573613,3
7,573614,5
7,573615,7
7,573616,2
7,573617,2
7,573705,3
7,573706,1
7,573707,1
7,573708,4
7,573709,2
7,573741,5
7,573742,3
7,573743,1
7,573744,63
7,573745,3
7,573746,3
7,573747,6
7,573748,61
7,573749,53
7,573750,4
7,573793,4
7,573798,1
7,573831,1
7,573833,2
7,573836,2
7,573840,0
7,574095,3
7,574096,6
7,574097,5
7,574098,17
7,574099,20
7,574100,10
7,574101,1
7,574102,6
7,574103,14
7,574104,3
7,574105,35
7,574106,35
7,574107,2
7,574108,3
7,574109,3
7,574110,1
7,574111,3
7,574112,3
7,574113,9
7,574114,6
7,574115,14
7,574116,2
7,574117,2
7,574118,1
7,574313,3
7,574314,5
7,574315,4
7,574549,4
7,574550,13
7,574552,4
7,574553,21
7,574554,17
7,574555,12
7,574742,30
7,574743,33
7,574744,54
7,574745,69
7,574746,43
7,574752,2
7,574753,2
7,574755,14
7,574756,2
7,574757,11
7,574758,8
7,574759,2
7,574760,4
7,574761,5
7,574762,17
7,574763,7
7,574764,40
7,574765,7
7,574766,10
7,574864,17
7,575052,6
7,575053,3
7,575054,4
7,575055,3
7,575056,3
7,575057,2
7,575058,5
7,575061,12
7,575065,5
7,575068,1
7,575072,10
7,575073,1
7,575074,2
7,575075,3
7,575076,11
7,575084,7
7,575085,6
7,575086,10
7,575087,2
7,575088,5
7,575090,3
7,575091,4
7,575092,6
7,575093,5
7,575094,2
7,575095,3
7,575096,4
7,575097,3
7,575098,2
7,575099,3
7,575100,5
7,575101,4
7,575103,13
7,575104,5
7,575105,4
7,575106,10
7,575848,5
7,575850,6
7,575851,6
7,575852,5
7,575853,5
7,575854,6
7,575855,15
7,575858,3
7,575860,6
7,575861,7
7,575863,7
7,575864,5
7,575866,4
7,575868,13
7,575869,1
7,575871,2
7,575873,12
7,575874,3
7,575875,2
7,575876,4
7,575877,4
7,575878,1
7,576393,4
7,576394,2
7,576397,5
7,576400,7
7,576401,6
7,576402,5
7,576514,20
7,576515,4
7,576516,6
7,576517,5
7,576518,18
7,576519,5
7,576520,7
7,576523,22
7,576524,8
7,576525,7
7,576526,8
7,576750,1
7,576852,7
7,576854,6
7,576855,7
7,576856,4
7,576857,15
7,576858,2
7,576860,2
7,576861,17
7,576862,33
7,576863,12
7,576864,15
7,576865,7
7,576866,24
7,576867,18
7,576868,25
7,576869,32
7,576870,3
7,576871,7
7,576872,39
7,576873,7
7,576874,2
7,576876,21
7,576877,19
7,576880,20
7,576881,3
7,576882,14
7,576883,28
7,576886,15
7,576887,33
7,576888,8
7,576889,8
7,576890,20
7,576891,2
7,576892,28
7,576893,18
7,576894,19
7,576895,1
7,576896,5
7,576897,38
7,576898,11
7,576899,28
7,576919,7
7,576920,3
7,576939,3
7,576940,5
7,576941,4
7,576942,4
7,576943,4
7,576944,1
7,576946,1
7,576948,5
7,576985,4
7,576986,3
7,577169,8
8,504896,2
8,506150,156
8,506152,43
8,506153,59
8,506154,59
8,506172,81
8,506173,143
8,506280,350
8,506527,126
8,508804,4
8,508811,9
8,508812,12
8,508813,19
8,508824,21
8,508825,37
8,508836,18
8,508839,5
8,508840,6
8,508848,4
8,510292,15
8,517693,19
8,518228,29
8,518243,13
8,518445,35
8,518536,2
8,518538,20
8,522192,33
8,522342,21
8,522628,11
8,523309,5
8,524361,24
8,526208,45
8,526307,15
8,526308,56
8,526309,7
8,526310,7
8,526584,140
8,526586,50
8,527097,22
8,527495,46
8,527497,17
8,528193,16
8,528194,14
8,528201,5
8,528202,2
8,528814,30
8,528815,37
8,529488,9
8,529497,8
8,530297,151
8,530298,137
8,530299,215
8,530302,151
8,530343,98
8,530344,78
8,530345,39
8,531179,45
8,531219,30
8,531221,3
8,531222,7
8,531224,24
8,531991,13
8,531992,1
8,532008,189
8,532009,84
8,532319,3
8,532555,3
8,533051,18
8,533052,6
8,533060,1
8,533287,19
8,533289,6
8,533290,7
8,533360,18
8,533361,23
8,533401,65
8,533402,85
8,533407,19
8,533408,25
8,533683,43
8,533685,29
8,533770,107
8,533771,90
8,533991,22
8,534104,9
8,535310,55
8,535858,59
8,535993,41
8,537439,3
8,538344,30
8,538746,79
8,539741,1
8,539742,7
8,540362,32
8,540363,35
8,540364,45
8,540365,10
8,540916,1
8,541547,8
8,541548,7
8,541958,245
8,542954,5
8,543522,2
8,544024,18
8,544922,35
8,544923,15
8,544924,44
8,545187,48
8,545188,33
8,545189,65
8,545190,17
8,545191,33
8,545192,29
8,545194,41
8,545229,25
8,545230,80
8,545231,28
8,545482,9
8,545483,1
8,545784,66
8,545813,33
8,545814,19
8,545831,28
8,546818,40
8,546918,5
8,547494,24
8,547495,23
8,547496,14
8,547497,11
8,547675,9
8,548243,6
8,548919,796
8,549381,72
8,549382,47
8,550892,18
8,550893,1
8,551008,17
8,551009,43
8,551010,7
8,551802,1
8,552233,1
8,552236,258
8,552237,8
8,552621,1
8,553091,4
8,553092,105
8,553093,22
8,553094,33
8,553853,20
8,553857,44
8,553858,52
8,554276,15
8,554289,53
8,554290,49
8,554425,1
8,554439,3
8,554864,6
8,555341,16
8,555345,25
8,555347,26
8,555348,33
8,555350,25
8,555351,19
8,555901,9
8,555902,14
8,555903,23
8,555904,28
8,555905,5
8,555909,38
8,555911,10
8,555912,12
8,555916,7
8,555945,122
8,556435,1
8,556563,25
8,556564,18
8,557155,82
8,557156,31
8,557157,64
8,557159,46
8,557160,22
8,557162,19
8,557163,6
8,557438,168
8,557468,1
8,558649,34
8,558818,4
8,559151,1
8,562018,15
8,562019,2
8,562021,14
8,562022,1
8,562027,11
8,562028,27
8,562030,20
8,562033,1
8,562034,14
8,562035,5
8,562036,22
8,562040,12
8,562041,6
8,562046,1
8,562394,14
8,562395,7
8,562396,37
8,562400,1
8,562401,4
8,562407,15
8,562408,18
8,562409,23
8,562790,14
8,562946,37
8,562979,1
8,562981,2
8,562990,4
8,563013,52
8,563634,16
8,563824,131
8,563935,4
8,563936,112
8,563937,1
8,564051,8
8,564052,2
8,564253,2
8,564257,29
8,564590,1
8,564877,3
8,564878,2
8,564881,69
8,564901,12
8,565732,2
8,566767,95
8,567016,2
8,567020,2
8,567101,4
8,567113,3
8,567370,11
8,567371,21
8,567372,52
8,567373,26
8,567374,34
8,567389,43
8,567391,6
8,567392,6
8,567393,20
8,567394,4
8,567395,15
8,567468,12
8,567469,12
8,567470,8
8,567471,18
8,567473,37
8,567474,10
8,567840,5
8,568392,11
8,568417,16
8,568422,19
8,568953,9
8,568954,5
8,568956,1
8,568957,1
8,568959,6
8,568960,67
8,568967,39
8,568971,9
8,568972,10
8,568974,83
8,568975,60
8,568976,206
8,569112,2
8,569113,5
8,569114,4
8,569115,15
8,569116,4
8,569117,12
8,569118,3
8,569124,42
8,569192,19
8,569193,57
8,569194,25
8,569211,26
8,569802,20
8,569803,56
8,570291,14
8,570292,69
8,570293,2
8,570597,1
8,570598,5
8,570599,23
8,570600,6
8,570725,1
8,570728,1
8,570729,5
8,570731,3
8,570732,1
8,570734,5
8,570735,2
8,570927,193
8,570928,147
8,570929,109
8,570932,2
8,570935,1
8,570938,4
8,570939,43
8,570940,54
8,570941,69
8,570942,121
8,570943,115
8,570944,27
8,570959,75
8,570961,419
8,570963,110
8,570965,29
8,570966,128
8,570967,104
8,570969,263
8,570970,95
8,570971,85
8,570972,144
8,570973,157
8,570974,45
8,570975,160
8,570976,51
8,570977,63
8,570978,125
8,570997,4
8,570998,8
8,570999,9
8,571001,2
8,571002,4
8,571005,6
8,571006,7
8,571008,8
8,571018,53
8,571021,13
8,571030,22
8,571031,6
8,571032,8
8,571033,5
8,571034,6
8,571035,2
8,571131,190
8,571132,29
8,571133,28
8,571134,21
8,571135,22
8,571136,47
8,571137,37
8,571138,156
8,571139,31
8,571140,27
8,571141,80
8,571156,5
8,571223,124
8,571225,134
8,571227,128
8,571229,10
8,571230,16
8,571231,81
8,571232,1
8,571233,1
8,571234,13
8,571235,103
8,571237,1
8,571238,5
8,571241,1
8,571243,7
8,571245,14
8,571247,2
8,571248,133
8,571249,14
8,571252,1
8,571253,10
8,571254,2
8,571255,1
8,571256,2
8,571258,1
8,571259,67
8,571260,6
8,571261,5
8,571262,1
8,571265,8
8,571268,6
8,571269,8
8,571270,32
8,571271,10
8,571272,6
8,571273,24
8,571277,4
8,571278,5
8,571279,1
8,571378,25
8,571379,86
8,571424,176
8,571425,72
8,571426,58
8,571427,38
8,571428,4
8,571429,8
8,571439,21
8,571440,7
8,571582,1
8,571583,8
8,571584,2
8,571585,1
8,571588,3
8,571927,7
8,571931,7
8,571932,13
8,571933,33
8,571939,26
8,571941,11
8,571942,1
8,571945,18
8,571947,23
8,571949,8
8,572025,28
8,572034,23
8,572042,3
8,572044,2
8,572048,8
8,572053,33
8,572055,16
8,572056,32
8,572057,7
8,572058,5
8,572059,5
8,572061,11
8,572063,13
8,572065,1
8,572075,3
8,572077,1
8,572078,1
8,572280,2
8,572281,3
8,572282,25
8,572283,16
8,572284,2
8,572285,7
8,572287,2
8,572289,1
8,572290,1
8,572291,1
8,572292,3
8,572293,12
8,572294,3
8,572295,3
8,572296,8
8,572322,3
8,572323,2
8,572324,1
8,572325,1
8,572326,2
8,572327,5
8,572368,2
8,572516,23
8,572517,46
8,572518,18
8,572519,44
8,572520,83
8,572521,40
8,572523,1
8,572526,28
8,572547,8
8,572548,10
8,572550,14
8,572551,1
8,572553,7
8,572578,26
8,572579,16
8,572580,10
8,573030,32
8,573031,6
8,573032,2
8,573033,25
8,573034,4
8,573035,3
8,573036,1
8,573037,1
8,573038,1
8,573039,2
8,573324,4
8,573326,1
8,573327,2
8,573328,2
8,573329,17
8,573331,26
8,573333,2
8,573335,6
8,573336,11
8,573337,1
8,573338,22
8,573340,39
8,573341,3
8,573342,13
8,573343,13
8,573344,1
8,573345,5
8,573346,2
8,573347,3
8,573348,13
8,573496,1
8,573499,1
8,573503,2
8,573509,2
8,573556,1
8,573557,4
8,573558,2
8,573559,55
8,573560,12
8,573561,15
8,573562,2
8,573563,17
8,573564,17
8,573565,19
8,573566,6
8,573567,2
8,573569,1
8,573570,1
8,573574,1
8,573578,2
8,573579,12
8,573580,21
8,573581,13
8,573582,4
8,573584,1
8,573611,6
8,573612,1
8,573613,6
8,573614,4
8,573615,5
8,573616,8
8,573617,2
8,573701,1
8,573705,3
8,573708,1
8,573741,4
8,573742,4
8,573743,2
8,573744,32
8,573745,4
8,573746,2
8,573747,3
8,573748,70
8,573749,60
8,573750,6
8,573792,5
8,573793,1
8,573795,3
8,573797,1
8,573798,1
8,573829,2
8,573830,2
8,573831,3
8,573832,3
8,573833,5
8,573834,1
8,573835,1
8,573836,1
8,573838,1
8,573839,1
8,574095,1
8,574096,3
8,574098,13
8,574099,21
8,574100,12
8,574101,2
8,574102,11
8,574103,9
8,574104,3
8,574105,48
8,574106,44
8,574107,4
8,574108,4
8,574109,4
8,574110,4
8,574111,4
8,574112,3
8,574113,10
8,574114,3
8,574115,13
8,574116,6
8,574117,4
8,574118,2
8,574310,4
8,574313,4
8,574314,3
8,574315,3
8,574549,3
8,574550,4
8,574551,4
8,574552,6
8,574553,9
8,574554,17
8,574555,15
8,574742,37
8,574743,54
8,574744,68
8,574745,95
8,574746,40
8,574750,1
8,574753,1
8,574755,23
8,574756,4
8,574757,16
8,574758,1
8,574759,5
8,574760,10
8,574761,4
8,574762,14
8,574763,10
8,574764,40
8,574765,4
8,574766,5
8,574864,16
8,575052,3
8,575053,2
8,575054,2
8,575055,1
8,575056,2
8,575057,4
8,575058,2
8,575061,7
8,575065,2
8,575072,5
8,575073,10
8,575074,2
8,575075,3
8,575076,3
8,575084,5
8,575085,4
8,575086,7
8,575087,1
8,575088,2
8,575090,3
8,575091,3
8,575092,2
8,575093,1
8,575094,3
8,575095,5
8,575096,1
8,575097,1
8,575098,3
8,575100,1
8,575101,1
8,575102,3
8,575103,20
8,575104,2
8,575105,5
8,575106,13
8,575848,8
8,575850,3
8,575851,2
8,575852,11
8,575853,2
8,575854,2
8,575855,25
8,575858,1
8,575860,19
8,575861,12
8,575862,4
8,575863,6
8,575864,6
8,575865,2
8,575866,7
8,575868,21
8,575869,3
8,575871,1
8,575872,3
8,575873,16
8,575874,2
8,575875,10
8,575876,30
8,575877,3
8,575878,2
8,576393,4
8,576394,2
8,576400,2
8,576401,7
8,576402,2
8,576514,15
8,576515,6
8,576516,7
8,576517,7
8,576518,9
8,576519,6
8,576520,10
8,576523,6
8,576524,6
8,576525,2
8,576526,2
8,576747,1
8,576748,1
8,576852,4
8,576853,1
8,576854,4
8,576855,20
8,576856,13
8,576857,34
8,576859,3
8,576860,3
8,576861,15
8,576862,40
8,576863,8
8,576864,10
8,576866,46
8,576867,7
8,576868,24
8,576869,44
8,576870,1
8,576871,4
8,576872,37
8,576873,4
8,576874,1
8,576875,1
8,576876,16
8,576877,21
8,576879,1
8,576880,14
8,576881,1
8,576882,17
8,576883,43
8,576884,1
8,576886,8
8,576887,35
8,576888,10
8,576889,21
8,576890,34
8,576892,30
8,576893,39
8,576894,24
8,576896,5
8,576897,49
8,576898,22
8,576899,21
8,576919,5
8,576920,2
8,576939,15
8,576940,13
8,576942,2
8,576943,5
8,576945,1
8,576948,2
8,576985,3
8,576986,1
8,577169,3
9,506150,124
9,506152,43
9,506153,66
9,506154,60
9,506172,70
9,506173,128
9,506280,325
9,506527,116
9,508804,1
9,508809,2
9,508811,4
9,508812,15
9,508813,12
9,508824,10
9,508825,26
9,508836,17
9,508839,10
9,508840,9
9,508848,13
9,510292,12
9,517693,17
9,518228,34
9,518243,7
9,518445,18
9,518538,32
9,521426,1
9,522192,29
9,522342,22
9,522628,13
9,523309,2
9,524361,30
9,526208,50
9,526307,21
9,526308,37
9,526309,4
9,526310,9
9,526584,115
9,526586,50
9,527097,11
9,527495,39
9,527497,12
9,528193,12
9,528194,4
9,528201,6
9,528202,6
9,528814,25
9,528815,42
9,529488,5
9,529497,15
9,530297,141
9,530298,99
9,530299,180
9,530302,117
9,530343,87
9,530344,74
9,530345,24
9,531179,41
9,531219,38
9,531221,10
9,531222,12
9,531224,19
9,531991,10
9,532008,198
9,532009,65
9,532555,2
9,533051,12
9,533052,4
9,533060,1
9,533287,16
9,533289,6
9,533290,14
9,533360,15
9,533361,20
9,533401,51
9,533402,83
9,533407,13
9,533408,18
9,533683,58
9,533685,27
9,533770,94
9,533771,65
9,533991,3
9,534104,12
9,535310,37
9,535858,76
9,535993,40
9,537439,5
9,538344,32
9,538746,64
9,539742,6
9,540362,37
9,540363,30
9,540364,26
9,540365,10
9,541547,9
9,541548,10
9,541958,169
9,542954,3
9,543522,3
9,544024,29
9,544922,27
9,544923,12
9,544924,25
9,545187,38
9,545188,37
9,545189,54
9,545190,23
9,545191,27
9,545192,42
9,545194,35
9,545229,21
9,545230,71
9,545231,26
9,545482,10
9,545483,3
9,545784,69
9,545813,6
9,545814,7
9,545831,19
9,546818,45
9,546918,4
9,547494,31
9,547495,23
9,547496,13
9,547497,12
9,547675,8
9,548243,8
9,548919,566
9,549381,59
9,549382,26
9,550680,12
9,550892,8
9,551008,21
9,551009,38
9,551010,6
9,552236,205
9,552237,7
9,553091,1
9,553092,101
9,553093,20
9,553094,31
9,553849,1
9,553853,15
9,553857,38
9,553858,47
9,554276,26
9,554289,39
9,554290,50
9,554864,8
9,555341,22
9,555345,33
9,555347,24
9,555348,44
9,555350,23
9,555351,21
9,555358,2
9,555901,9
9,555902,9
9,555903,33
9,555904,35
9,555905,5
9,555909,35
9,555911,22
9,555912,15
9,555916,5
9,555945,35
9,556563,37
9,556564,23
9,557155,141
9,557156,3
9,557157,41
9,557159,45
9,557160,14
9,557162,11
9,557163,3
9,557438,132
9,558649,27
9,558818,3
9,562018,27
9,562021,13
9,562027,5
9,562028,18
9,562030,7
9,562033,4
9,562034,14
9,562035,2
9,562036,14
9,562040,9
9,562041,4
9,562394,11
9,562395,8
9,562396,25
9,562400,1
9,562401,1
9,562407,5
9,562408,10
9,562409,3
9,562790,8
9,562791,1
9,562946,46
9,562982,1
9,562983,1
9,562989,2
9,563013,50
9,563634,19
9,563824,87
9,563935,2
9,563936,78
9,564051,10
9,564257,3
9,564596,1
9,564601,1
9,564881,107
9,564901,10
9,565729,1
9,566767,54
9,567016,4
9,567020,3
9,567101,5
9,567370,4
9,567371,13
9,567372,48
9,567373,20
9,567374,23
9,567389,44
9,567391,7
9,567392,2
9,567393,11
9,567395,9
9,567468,10
9,567469,5
9,567470,5
9,567471,9
9,567473,30
9,567474,11
9,567840,1
9,568392,9
9,568417,19
9,568422,12
9,568953,12
9,568954,10
9,568956,1
9,568957,6
9,568959,10
9,568960,59
9,568961,2
9,568967,31
9,568968,4
9,568971,24
9,568972,19
9,568974,68
9,568975,52
9,568976,193
9,569110,1
9,569111,2
9,569112,2
9,569113,9
9,569114,2
9,569115,12
9,569116,12
9,569117,26
9,569118,5
9,569124,37
9,569125,2
9,569192,9
9,569193,52
9,569194,36
9,569211,20
9,569802,28
9,569803,84
9,570291,16
9,570292,66
9,570294,1
9,570597,1
9,570598,7
9,570599,24
9,570600,7
9,570726,1
9,570727,1
9,570729,1
9,570734,1
9,570927,176
9,570928,159
9,570929,135
9,570937,2
9,570939,26
9,570940,56
9,570941,72
9,570942,112
9,570943,98
9,570944,21
9,570959,64
9,570961,336
9,570963,86
9,570965,37
9,570966,102
9,570967,91
9,570969,198
9,570970,113
9,570971,102
9,570972,131
9,570973,140
9,570974,110
9,570975,132
9,570976,45
9,570977,50
9,570978,81
9,570998,1
9,570999,2
9,571002,1
9,571004,1
9,571005,4
9,571006,1
9,571018,44
9,571021,13
9,571030,28
9,571031,3
9,571032,2
9,571033,1
9,571034,2
9,571035,7
9,571036,4
9,571131,135
9,571132,19
9,571133,24
9,571134,28
9,571135,29
9,571136,45
9,571137,31
9,571138,135
9,571139,29
9,571140,37
9,571141,54
9,571156,3
9,571158,1
9,571223,101
9,571224,1
9,571225,109
9,571227,108
9,571229,3
9,571230,4
9,571231,50
9,571234,25
9,571235,115
9,571238,12
9,571241,2
9,571242,3
9,571243,1
9,571245,7
9,571247,38
9,571248,108
9,571249,24
9,571250,12
9,571251,1
9,571253,22
9,571255,1
9,571256,2
9,571259,37
9,571260,8
9,571261,2
9,571265,9
9,571268,8
9,571269,15
9,571270,26
9,571271,6
9,571272,16
9,571273,34
9,571276,1
9,571277,3
9,571278,4
9,571378,32
9,571379,77
9,571424,120
9,571425,45
9,571426,36
9,571427,34
9,571428,12
9,571429,7
9,571439,15
9,571440,2
9,571582,1
9,571583,1
9,571584,1
9,571585,2
9,571586,1
9,571588,1
9,571600,1
9,571927,14
9,571931,3
9,571932,10
9,571933,42
9,571939,18
9,571941,11
9,571942,2
9,571945,11
9,571947,31
9,571949,8
9,572025,26
9,572034,33
9,572042,1
9,572044,1
9,572048,16
9,572053,11
9,572055,14
9,572056,29
9,572057,6
9,572058,4
9,572059,2
9,572061,13
9,572063,16
9,572065,1
9,572077,2
9,572280,3
9,572281,4
9,572282,32
9,572283,6
9,572284,2
9,572285,2
9,572287,1
9,572288,2
9,572289,1
9,572290,1
9,572291,1
9,572292,1
9,572293,20
9,572294,14
9,572296,7
9,572322,3
9,572323,1
9,572324,3
9,572325,1
9,572327,11
9,572516,12
9,572517,31
9,572518,8
9,572519,18
9,572520,43
9,572521,24
9,572526,20
9,572547,6
9,572548,2
9,572550,3
9,572551,1
9,572553,2
9,572578,40
9,572579,13
9,572580,14
9,573030,44
9,573031,4
9,573032,3
9,573033,28
9,573034,1
9,573035,1
9,573036,1
9,573038,4
9,573039,1
9,573324,1
9,573325,5
9,573327,3
9,573328,2
9,573329,7
9,573330,2
9,573331,14
9,573333,1
9,573335,6
9,573336,10
9,573337,1
9,573338,42
9,573339,1
9,573340,34
9,573341,2
9,573342,5
9,573343,15
9,573345,2
9,573346,1
9,573347,2
9,573348,10
9,573496,1
9,573556,2
9,573557,2
9,573558,1
9,573559,46
9,573560,14
9,573561,13
9,573562,1
9,573563,10
9,573564,5
9,573565,15
9,573566,6
9,573567,1
9,573570,1
9,573572,1
9,573574,1
9,573578,2
9,573579,4
9,573580,14
9,573581,18
9,573582,2
9,573611,3
9,573612,1
9,573613,2
9,573614,9
9,573615,2
9,573616,4
9,573617,9
9,573701,2
9,573706,2
9,573707,1
9,573709,2
9,573741,3
9,573742,1
9,573743,1
9,573744,52
9,573745,2
9,573746,2
9,573747,3
9,573748,80
9,573749,41
9,573750,3
9,573792,1
9,573794,2
9,573795,1
9,573797,1
9,573829,2
9,573830,3
9,573832,2
9,573833,2
9,573834,1
9,573836,1
9,574095,3
9,574096,2
9,574097,2
9,574098,15
9,574099,16
9,574100,13
9,574102,19
9,574103,12
9,574104,3
9,574105,58
9,574106,49
9,574107,3
9,574108,1
9,574109,4
9,574110,4
9,574111,3
9,574112,2
9,574113,4
9,574114,3
9,574115,15
9,574117,5
9,574118,2
9,574310,7
9,574313,5
9,574314,2
9,574315,5
9,574549,2
9,574550,9
9,574551,2
9,574552,1
9,574553,13
9,574554,13
9,574555,17
9,574742,42
9,574743,51
9,574744,62
9,574745,90
9,574746,53
9,574750,1
9,574751,1
9,574754,1
9,574755,22
9,574756,6
9,574757,12
9,574758,7
9,574759,6
9,574760,4
9,574761,6
9,574762,12
9,574763,9
9,574764,42
9,574765,7
9,574766,5
9,574864,12
9,575052,5
9,575053,2
9,575054,1
9,575055,2
9,575056,4
9,575057,1
9,575058,2
9,575061,4
9,575065,4
9,575068,1
9,575070,1
9,575072,9
9,575073,4
9,575074,3
9,575075,3
9,575076,4
9,575084,9
9,575085,5
9,575086,1
9,575087,3
9,575088,4
9,575091,6
9,575093,1
9,575095,1
9,575098,1
9,575100,2
9,575102,3
9,575103,17
9,575104,1
9,575105,6
9,575106,5
9,575848,9
9,575850,4
9,575851,5
9,575852,12
9,575853,5
9,575854,1
9,575855,27
9,575858,4
9,575860,13
9,575861,11
9,575862,4
9,575863,7
9,575864,6
9,575865,2
9,575866,3
9,575867,1
9,575868,8
9,575869,2
9,575871,2
9,575872,1
9,575873,28
9,575874,6
9,575875,4
9,575876,21
9,575877,5
9,575878,2
9,576393,1
9,576394,2
9,576397,3
9,576400,3
9,576514,8
9,576515,1
9,576516,6
9,576517,4
9,576518,6
9,576519,2
9,576520,7
9,576523,5
9,576524,5
9,576525,1
9,576526,4
9,576742,1
9,576852,8
9,576853,1
9,576854,6
9,576855,25
9,576856,5
9,576857,35
9,576859,3
9,576860,1
9,576861,20
9,576862,30
9,576863,10
9,576864,5
9,576865,7
9,576866,33
9,576867,9
9,576868,22
9,576869,41
9,576871,1
9,576872,48
9,576873,1
9,576875,1
9,576876,25
9,576877,8
9,576878,1
9,576879,1
9,576880,9
9,576882,21
9,576883,32
9,576884,1
9,576885,1
9,576886,10
9,576887,59
9,576888,9
9,576889,6
9,576890,62
9,576892,25
9,576893,11
9,576894,23
9,576895,2
9,576896,4
9,576897,43
9,576898,11
9,576899,20
9,576919,1
9,576920,5
9,576939,18
9,576940,6
9,576942,2
9,576943,2
9,576948,3
9,576985,4
9,576986,3
9,577169,2
9,577973,1
9,577974,5
9,577975,6
9,577976,3
9,577978,3
9,577979,8
9,577980,6
9,577981,6
9,577983,2
9,577984,1
9,577985,2
9,577992,2
9,577993,2
9,577994,5
9,577996,1
9,577997,5
10,506141,1
10,506150,157
10,506152,42
10,506153,51
10,506154,35
10,506172,76
10,506173,126
10,506280,353
10,506527,135
10,508806,2
10,508810,2
10,508811,7
10,508812,12
10,508813,9
10,508824,20
10,508825,42
10,508836,20
10,508839,7
10,508840,16
10,508848,11
10,510292,24
10,517693,18
10,518228,48
10,518243,17
10,518445,25
10,518536,4
10,518538,23
10,522192,12
10,522342,26
10,522628,5
10,524361,17
10,526208,45
10,526307,19
10,526308,28
10,526309,4
10,526310,10
10,526584,125
10,526586,39
10,527097,16
10,527495,26
10,527497,16
10,528193,18
10,528194,8
10,528201,7
10,528202,7
10,528814,27
10,528815,59
10,529488,1
10,529497,67
10,530297,120
10,530298,122
10,530299,151
10,530302,129
10,530343,77
10,530344,43
10,530345,32
10,531179,51
10,531219,45
10,531221,2
10,531222,3
10,531224,34
10,531991,7
10,532008,278
10,532009,78
10,532555,1
10,533051,14
10,533052,2
10,533060,2
10,533287,19
10,533289,13
10,533290,11
10,533360,18
10,533361,24
10,533401,26
10,533402,91
10,533407,11
10,533408,29
10,533683,40
10,533685,18
10,533770,110
10,533771,69
10,533991,2
10,534104,15
10,535310,45
10,535858,96
10,535993,53
10,537439,9
10,538344,26
10,538746,65
10,539742,1
10,540362,32
10,540363,39
10,540364,41
10,540365,10
10,541547,15
10,541548,13
10,541958,201
10,542954,4
10,543522,10
10,544024,23
10,544922,46
10,544923,15
10,544924,42
10,545187,45
10,545188,39
10,545189,54
10,545190,21
10,545191,35
10,545192,21
10,545194,29
10,545229,18
10,545230,79
10,545231,39
10,545482,7
10,545483,3
10,545784,99
10,545813,11
10,545814,11
10,545831,31
10,546818,41
10,546918,4
10,547494,27
10,547495,16
10,547496,19
10,547497,10
10,547675,9
10,548243,13
10,548919,543
10,549381,72
10,549382,44
10,550680,20
10,550892,11
10,551008,23
10,551009,97
10,551010,14
10,551802,1
10,552236,226
10,552237,11
10,553091,1
10,553092,105
10,553093,46
10,553094,89
10,553853,19
10,553857,26
10,553858,49
10,554110,1
10,554276,16
10,554289,63
10,554290,69
10,554439,1
10,554864,5
10,555341,25
10,555345,28
10,555347,27
10,555348,39
10,555350,35
10,555351,21
10,555357,1
10,555901,4
10,555902,10
10,555903,25
10,555904,38
10,555905,2
10,555909,50
10,555911,19
10,555912,2
10,555916,3
10,555945,61
10,556563,27
10,556564,18
10,557155,133
10,557156,3
10,557157,21
10,557159,80
10,557160,13
10,557162,18
10,557163,6
10,557438,125
10,558649,24
10,558818,8
10,562018,13
10,562021,6
10,562022,1
10,562027,9
10,562028,29
10,562030,6
10,562033,1
10,562034,19
10,562035,2
10,562036,27
10,562040,26
10,562041,6
10,562046,1
10,562394,15
10,562395,4
10,562396,16
10,562401,1
10,562407,4
10,562408,11
10,562409,11
10,562790,8
10,562946,40
10,562979,1
10,562981,3
10,562990,1
10,563013,52
10,563634,16
10,563824,98
10,563935,1
10,563936,92
10,563937,2
10,564051,2
10,564052,1
10,564257,17
10,564586,1
10,564881,55
10,564901,4
10,565732,1
10,566767,24
10,567016,2
10,567020,3
10,567101,2
10,567370,20
10,567371,15
10,567372,49
10,567373,34
10,567374,35
10,567389,66
10,567391,4
10,567392,3
10,567393,12
10,567394,1
10,567395,4
10,567468,9
10,567469,9
10,567470,5
10,567471,6
10,567473,43
10,567474,11
10,567840,3
10,568392,10
10,568417,10
10,568422,12
10,568953,7
10,568954,5
10,568957,19
10,568959,6
10,568960,55
10,568961,1
10,568966,1
10,568967,66
10,568968,19
10,568969,1
10,568971,45
10,568972,62
10,568974,93
10,568975,62
10,568976,229
10,569110,1
10,569113,8
10,569115,10
10,569116,4
10,569117,27
10,569118,2
10,569124,43
10,569192,24
10,569193,56
10,569194,22
10,569211,27
10,569802,31
10,569803,88
10,570291,14
10,570292,72
10,570293,1
10,570597,6
10,570598,2
10,570599,22
10,570600,3
10,570927,184
10,570928,111
10,570929,117
10,570932,1
10,570935,4
10,570939,30
10,570940,92
10,570941,59
10,570942,101
10,570943,134
10,570944,29
10,570959,79
10,570961,384
10,570963,108
10,570965,51
10,570966,133
10,570967,92
10,570969,210
10,570970,117
10,570971,105
10,570972,123
10,570973,179
10,570974,143
10,570975,186
10,570976,65
10,570977,84
10,570978,89
10,571002,1
10,571005,3
10,571006,2
10,571018,59
10,571021,9
10,571030,31
10,571031,2
10,571032,1
10,571033,4
10,571034,1
10,571035,9
10,571036,2
10,571131,178
10,571132,19
10,571133,30
10,571134,23
10,571135,32
10,571136,44
10,571137,30
10,571138,116
10,571139,29
10,571140,36
10,571141,65
10,571156,2
10,571223,122
10,571224,24
10,571225,124
10,571227,161
10,571229,12
10,571230,3
10,571231,82
10,571234,37
10,571235,143
10,571238,41
10,571240,1
10,571241,1
10,571242,23
10,571243,3
10,571244,1
10,571245,27
10,571247,144
10,571248,116
10,571249,79
10,571250,27
10,571251,19
10,571252,1
10,571253,56
10,571255,1
10,571257,1
10,571259,59
10,571260,5
10,571261,2
10,571263,1
10,571265,11
10,571268,8
10,571269,10
10,571270,26
10,571271,11
10,571272,30
10,571273,45
10,571277,1
10,571278,2
10,571378,28
10,571379,49
10,571424,154
10,571425,58
10,571426,32
10,571427,36
10,571428,6
10,571429,5
10,571439,9
10,571440,4
10,571583,1
10,571584,2
10,571588,1
10,571589,1
10,571927,10
10,571931,7
10,571932,14
10,571933,48
10,571935,1
10,571939,18
10,571941,3
10,571945,16
10,571947,44
10,571949,12
10,572025,30
10,572034,47
10,572048,88
10,572053,16
10,572055,12
10,572056,37
10,572057,5
10,572058,3
10,572061,21
10,572063,31
10,572065,1
10,572075,1
10,572076,3
10,572280,3
10,572281,2
10,572282,20
10,572283,2
10,572284,1
10,572285,1
10,572288,3
10,572291,1
10,572292,1
10,572293,6
10,572294,1
10,572296,6
10,572322,5
10,572323,1
10,572324,1
10,572326,2
10,572327,5
10,572516,6
10,572517,19
10,572518,8
10,572519,8
10,572520,26
10,572521,11
10,572523,1
10,572526,22
10,572547,2
10,572548,1
10,572551,1
10,572553,3
10,572578,36
10,572579,8
10,572580,9
10,573030,59
10,573031,8
10,573033,32
10,573034,4
10,573035,1
10,573036,1
10,573037,1
10,573039,1
10,573324,5
10,573325,4
10,573326,3
10,573329,14
10,573330,2
10,573331,20
10,573333,1
10,573335,12
10,573336,2
10,573338,50
10,573340,26
10,573341,1
10,573342,11
10,573343,8
10,573344,1
10,573346,2
10,573347,1
10,573348,12
10,573494,1
10,573495,1
10,573497,2
10,573499,1
10,573556,2
10,573557,4
10,573558,2
10,573559,64
10,573560,14
10,573561,20
10,573562,3
10,573563,8
10,573564,9
10,573565,24
10,573566,7
10,573567,1
10,573573,4
10,573574,4
10,573578,2
10,573579,3
10,573580,21
10,573581,15
10,573582,1
10,573610,2
10,573612,3
10,573613,2
10,573614,6
10,573615,5
10,573616,2
10,573617,11
10,573706,1
10,573709,1
10,573741,2
10,573742,4
10,573743,3
10,573744,37
10,573745,4
10,573746,4
10,573747,4
10,573748,75
10,573749,39
10,573750,4
10,573793,1
10,573829,1
10,573830,1
10,573831,4
10,573832,3
10,573833,1
10,573838,1
10,574095,5
10,574096,6
10,574097,1
10,574098,20
10,574099,20
10,574100,7
10,574101,1
10,574102,11
10,574103,8
10,574104,2
10,574105,83
10,574106,83
10,574107,1
10,574108,1
10,574110,6
10,574112,2
10,574113,16
10,574114,3
10,574115,19
10,574116,1
10,574117,2
10,574118,3
10,574310,4
10,574314,3
10,574549,1
10,574550,6
10,574552,3
10,574553,9
10,574554,19
10,574555,11
10,574742,60
10,574743,72
10,574744,55
10,574745,72
10,574746,42
10,574750,1
10,574752,7
10,574753,3
10,574754,1
10,574755,13
10,574756,6
10,574757,11
10,574758,7
10,574759,2
10,574760,10
10,574761,5
10,574762,19
10,574763,5
10,574764,65
10,574765,5
10,574766,8
10,574864,10
10,575052,3
10,575053,4
10,575054,3
10,575055,4
10,575056,4
10,575057,1
10,575058,4
10,575065,1
10,575072,6
10,575073,6
10,575074,2
10,575076,3
10,575084,7
10,575085,2
10,575086,3
10,575088,2
10,575090,3
10,575091,6
10,575092,1
10,575094,3
10,575097,3
10,575100,1
10,575101,1
10,575102,3
10,575103,13
10,575104,5
10,575105,6
10,575106,11
10,575848,7
10,575850,2
10,575851,2
10,575852,15
10,575853,2
10,575854,1
10,575855,27
10,575858,1
10,575860,8
10,575861,11
10,575862,4
10,575863,8
10,575864,5
10,575866,2
10,575867,1
10,575868,6
10,575871,1
10,575872,3
10,575873,38
10,575874,1
10,575875,5
10,575876,20
10,575877,8
10,575878,1
10,576395,1
10,576396,3
10,576397,1
10,576401,1
10,576402,2
10,576514,17
10,576515,5
10,576516,7
10,576517,6
10,576518,11
10,576519,1
10,576520,3
10,576523,4
10,576524,6
10,576525,2
10,576852,3
10,576853,2
10,576854,5
10,576855,38
10,576856,6
10,576857,47
10,576861,12
10,576862,40
10,576863,23
10,576864,6
10,576866,39
10,576867,13
10,576868,22
10,576869,38
10,576870,2
10,576871,5
10,576872,55
10,576873,3
10,576876,26
10,576877,10
10,576878,1
10,576880,6
10,576882,34
10,576883,53
10,576884,2
10,576886,13
10,576887,61
10,576888,8
10,576889,9
10,576890,51
10,576891,1
10,576892,52
10,576893,7
10,576894,30
10,576895,2
10,576896,3
10,576897,33
10,576898,12
10,576899,38
10,576919,1
10,576920,4
10,576939,66
10,576940,18
10,576943,7
10,576945,1
10,576947,1
10,576948,5
10,576985,4
10,576986,2
10,577169,1
10,577973,9
10,577974,16
10,577975,19
10,577976,11
10,577977,8
10,577978,18
10,577979,26
10,577980,25
10,577981,24
10,577982,18
10,577983,2
10,577984,5
10,577985,4
10,577986,1
10,577988,1
10,577989,1
10,577990,2
10,577991,2
10,577992,2
10,577993,5
10,577994,5
10,577995,2
10,577996,11
10,577997,32
